emoji,unicode,count,seq,emoji_from_meta,name,version,category,subgroup,status
â¤ï¸,U+2764 U+FE0F,279693,U+2764 U+FE0F,â¤ï¸,red heart,0.6,Smileys & Emotion,heart,fully-qualified
ğŸ˜‚,U+1F602,255709,U+1F602,ğŸ˜‚,face with tears of joy,0.6,Smileys & Emotion,face-smiling,fully-qualified
âœ¨,U+2728,226683,U+2728,âœ¨,sparkles,0.6,Activities,event,fully-qualified
âœ…,U+2705,218121,U+2705,âœ…,check mark button,0.6,Symbols,other-symbol,fully-qualified
ğŸ‘€,U+1F440,170582,U+1F440,ğŸ‘€,eyes,0.6,People & Body,body-parts,fully-qualified
ğŸ”¥,U+1F525,162919,U+1F525,ğŸ”¥,fire,0.6,Travel & Places,sky & weather,fully-qualified
ğŸ˜Š,U+1F60A,162537,U+1F60A,ğŸ˜Š,smiling face with smiling eyes,0.6,Smileys & Emotion,face-smiling,fully-qualified
â­,U+2B50,151953,U+2B50,â­,star,0.6,Travel & Places,sky & weather,fully-qualified
ğŸ˜­,U+1F62D,142818,U+1F62D,ğŸ˜­,loudly crying face,0.6,Smileys & Emotion,face-concerned,fully-qualified
ğŸ‰,U+1F389,140270,U+1F389,ğŸ‰,party popper,0.6,Activities,event,fully-qualified
ğŸ‘‡,U+1F447,136384,U+1F447,ğŸ‘‡,backhand index pointing down,0.6,People & Body,hand-single-finger,fully-qualified
ğŸ‘,U+1F44D,113884,U+1F44D,ğŸ‘,thumbs up,0.6,People & Body,hand-fingers-closed,fully-qualified
ğŸ‘‰,U+1F449,113173,U+1F449,ğŸ‘‰,backhand index pointing right,0.6,People & Body,hand-single-finger,fully-qualified
ğŸ„,U+1F384,104021,U+1F384,ğŸ„,Christmas tree,0.6,Activities,event,fully-qualified
âœ”ï¸,U+2714 U+FE0F,97433,U+2714 U+FE0F,âœ”ï¸,check mark,0.6,Symbols,other-symbol,fully-qualified
ğŸ’€,U+1F480,95872,U+1F480,ğŸ’€,skull,0.6,Smileys & Emotion,face-negative,fully-qualified
â¡ï¸,U+27A1 U+FE0F,93893,U+27A1 U+FE0F,â¡ï¸,right arrow,0.6,Symbols,arrow,fully-qualified
â˜€ï¸,U+2600 U+FE0F,85213,U+2600 U+FE0F,â˜€ï¸,sun,0.6,Travel & Places,sky & weather,fully-qualified
ğŸ”—,U+1F517,84961,U+1F517,ğŸ”—,link,0.6,Objects,tool,fully-qualified
ğŸš¨,U+1F6A8,83647,U+1F6A8,ğŸš¨,police car light,0.6,Travel & Places,transport-ground,fully-qualified
ğŸ¤£,U+1F923,81716,U+1F923,ğŸ¤£,rolling on the floor laughing,3.0,Smileys & Emotion,face-smiling,fully-qualified
â¬‡ï¸,U+2B07 U+FE0F,81439,U+2B07 U+FE0F,â¬‡ï¸,down arrow,0.6,Symbols,arrow,fully-qualified
ğŸ“,U+1F4CD,75361,U+1F4CD,ğŸ“,round pushpin,0.6,Objects,office,fully-qualified
ğŸ‡¬ğŸ‡§,U+1F1EC U+1F1E7,75209,U+1F1EC U+1F1E7,ğŸ‡¬ğŸ‡§,flag: United Kingdom,0.6,Flags,country-flag,fully-qualified
âŒ,U+274C,75187,U+274C,âŒ,cross mark,0.6,Symbols,other-symbol,fully-qualified
ğŸš€,U+1F680,74505,U+1F680,ğŸš€,rocket,0.6,Travel & Places,transport-air,fully-qualified
ğŸ™,U+1F64F,72400,U+1F64F,ğŸ™,folded hands,0.6,People & Body,hands,fully-qualified
ğŸ˜,U+1F60D,71926,U+1F60D,ğŸ˜,smiling face with heart-eyes,0.6,Smileys & Emotion,face-affection,fully-qualified
ğŸ¤”,U+1F914,71424,U+1F914,ğŸ¤”,thinking face,1.0,Smileys & Emotion,face-hand,fully-qualified
ğŸ‘‹,U+1F44B,69451,U+1F44B,ğŸ‘‹,waving hand,0.6,People & Body,hand-fingers-open,fully-qualified
ğŸ¤©,U+1F929,67738,U+1F929,ğŸ¤©,star-struck,5.0,Smileys & Emotion,face-affection,fully-qualified
ğŸ†,U+1F3C6,66317,U+1F3C6,ğŸ†,trophy,0.6,Activities,award-medal,fully-qualified
ğŸ’™,U+1F499,66024,U+1F499,ğŸ’™,blue heart,0.6,Smileys & Emotion,heart,fully-qualified
ğŸ’ª,U+1F4AA,64677,U+1F4AA,ğŸ’ª,flexed biceps,0.6,People & Body,body-parts,fully-qualified
ğŸ˜…,U+1F605,64606,U+1F605,ğŸ˜…,grinning face with sweat,0.6,Smileys & Emotion,face-smiling,fully-qualified
ğŸ˜‰,U+1F609,61836,U+1F609,ğŸ˜‰,winking face,0.6,Smileys & Emotion,face-smiling,fully-qualified
ğŸŒŸ,U+1F31F,60520,U+1F31F,ğŸŒŸ,glowing star,0.6,Travel & Places,sky & weather,fully-qualified
ğŸ“…,U+1F4C5,59597,U+1F4C5,ğŸ“…,calendar,0.6,Objects,office,fully-qualified
ğŸ’¡,U+1F4A1,59571,U+1F4A1,ğŸ’¡,light bulb,0.6,Objects,light & video,fully-qualified
ğŸ,U+1F381,59070,U+1F381,ğŸ,wrapped gift,0.6,Activities,event,fully-qualified
ğŸ‘,U+1F44F,58319,U+1F44F,ğŸ‘,clapping hands,0.6,People & Body,hands,fully-qualified
âš ï¸,U+26A0 U+FE0F,57802,U+26A0 U+FE0F,âš ï¸,warning,0.6,Symbols,warning,fully-qualified
ğŸ™Œ,U+1F64C,55289,U+1F64C,ğŸ™Œ,raising hands,0.6,People & Body,hands,fully-qualified
ğŸ¥³,U+1F973,53582,U+1F973,ğŸ¥³,partying face,11.0,Smileys & Emotion,face-hat,fully-qualified
ğŸ’š,U+1F49A,53568,U+1F49A,ğŸ’š,green heart,0.6,Smileys & Emotion,heart,fully-qualified
ğŸ”´,U+1F534,53551,U+1F534,ğŸ”´,red circle,0.6,Symbols,geometric,fully-qualified
ğŸ’¬,U+1F4AC,52993,U+1F4AC,ğŸ’¬,speech balloon,0.6,Smileys & Emotion,emotion,fully-qualified
ğŸ¤,U+1F91D,52356,U+1F91D,ğŸ¤,handshake,3.0,People & Body,hands,fully-qualified
ğŸ¥°,U+1F970,51671,U+1F970,ğŸ¥°,smiling face with hearts,11.0,Smileys & Emotion,face-affection,fully-qualified
ğŸ“·,U+1F4F7,51607,U+1F4F7,ğŸ“·,camera,0.6,Objects,light & video,fully-qualified
ğŸ’°,U+1F4B0,51147,U+1F4B0,ğŸ’°,money bag,0.6,Objects,money,fully-qualified
ğŸ«¶,U+1FAF6,47410,U+1FAF6,ğŸ«¶,heart hands,14.0,People & Body,hands,fully-qualified
ğŸ—£ï¸,U+1F5E3 U+FE0F,45965,U+1F5E3 U+FE0F,ğŸ—£ï¸,speaking head,0.7,People & Body,person-symbol,fully-qualified
âš½,U+26BD,45256,U+26BD,âš½,soccer ball,0.6,Activities,sport,fully-qualified
ğŸ¥¹,U+1F979,45210,U+1F979,ğŸ¥¹,face holding back tears,14.0,Smileys & Emotion,face-concerned,fully-qualified
ğŸƒ,U+1F383,44903,U+1F383,ğŸƒ,jack-o-lantern,0.6,Activities,event,fully-qualified
ğŸ’œ,U+1F49C,44769,U+1F49C,ğŸ’œ,purple heart,0.6,Smileys & Emotion,heart,fully-qualified
ğŸ«¡,U+1FAE1,44530,U+1FAE1,ğŸ«¡,saluting face,14.0,Smileys & Emotion,face-hand,fully-qualified
â˜•,U+2615,44095,U+2615,â˜•,hot beverage,0.6,Food & Drink,drink,fully-qualified
âš¡,U+26A1,43707,U+26A1,âš¡,high voltage,0.6,Travel & Places,sky & weather,fully-qualified
ğŸ˜,U+1F60E,43103,U+1F60E,ğŸ˜,smiling face with sunglasses,1.0,Smileys & Emotion,face-glasses,fully-qualified
ğŸ¤,U+1F90D,41464,U+1F90D,ğŸ¤,white heart,12.0,Smileys & Emotion,heart,fully-qualified
â˜ºï¸,U+263A U+FE0F,41300,U+263A U+FE0F,â˜ºï¸,smiling face,0.6,Smileys & Emotion,face-affection,fully-qualified
ğŸ“ˆ,U+1F4C8,40871,U+1F4C8,ğŸ“ˆ,chart increasing,0.6,Objects,office,fully-qualified
ğŸ©·,U+1FA77,40402,U+1FA77,ğŸ©·,pink heart,15.0,Smileys & Emotion,heart,fully-qualified
ğŸ‡ºğŸ‡¸,U+1F1FA U+1F1F8,39938,U+1F1FA U+1F1F8,ğŸ‡ºğŸ‡¸,flag: United States,0.6,Flags,country-flag,fully-qualified
ğŸ…,U+1F385,39691,U+1F385,ğŸ…,Santa Claus,0.6,People & Body,person-fantasy,fully-qualified
ğŸ’¸,U+1F4B8,39584,U+1F4B8,ğŸ’¸,money with wings,0.6,Objects,money,fully-qualified
â°,U+23F0,39198,U+23F0,â°,alarm clock,0.6,Travel & Places,time,fully-qualified
ğŸ“£,U+1F4E3,38645,U+1F4E3,ğŸ“£,megaphone,0.6,Objects,sound,fully-qualified
ğŸ‘‘,U+1F451,37933,U+1F451,ğŸ‘‘,crown,0.6,Objects,clothing,fully-qualified
ğŸ˜ˆ,U+1F608,37784,U+1F608,ğŸ˜ˆ,smiling face with horns,1.0,Smileys & Emotion,face-negative,fully-qualified
âœˆï¸,U+2708 U+FE0F,37378,U+2708 U+FE0F,âœˆï¸,airplane,0.6,Travel & Places,transport-air,fully-qualified
ğŸ“¢,U+1F4E2,37153,U+1F4E2,ğŸ“¢,loudspeaker,0.6,Objects,sound,fully-qualified
ğŸ’¥,U+1F4A5,36981,U+1F4A5,ğŸ’¥,collision,0.6,Smileys & Emotion,emotion,fully-qualified
ğŸ¤,U+1F91E,36881,U+1F91E,ğŸ¤,crossed fingers,3.0,People & Body,hand-fingers-partial,fully-qualified
â„ï¸,U+2744 U+FE0F,36138,U+2744 U+FE0F,â„ï¸,snowflake,0.6,Travel & Places,sky & weather,fully-qualified
ğŸŸï¸,U+1F39F U+FE0F,36056,U+1F39F U+FE0F,ğŸŸï¸,admission tickets,0.7,Activities,event,fully-qualified
ğŸ“š,U+1F4DA,35954,U+1F4DA,ğŸ“š,books,0.6,Objects,book-paper,fully-qualified
ğŸ–¤,U+1F5A4,35881,U+1F5A4,ğŸ–¤,black heart,3.0,Smileys & Emotion,heart,fully-qualified
ğŸ’›,U+1F49B,35864,U+1F49B,ğŸ’›,yellow heart,0.6,Smileys & Emotion,heart,fully-qualified
ğŸ“–,U+1F4D6,34583,U+1F4D6,ğŸ“–,open book,0.6,Objects,book-paper,fully-qualified
ğŸ’–,U+1F496,34524,U+1F496,ğŸ’–,sparkling heart,0.6,Smileys & Emotion,heart,fully-qualified
ğŸ’”,U+1F494,34238,U+1F494,ğŸ’”,broken heart,0.6,Smileys & Emotion,heart,fully-qualified
ğŸ¨,U+1F3A8,34138,U+1F3A8,ğŸ¨,artist palette,0.6,Activities,arts & crafts,fully-qualified
ğŸ˜,U+1F601,33462,U+1F601,ğŸ˜,beaming face with smiling eyes,0.6,Smileys & Emotion,face-smiling,fully-qualified
ğŸ™‚,U+1F642,33419,U+1F642,ğŸ™‚,slightly smiling face,1.0,Smileys & Emotion,face-smiling,fully-qualified
ğŸ˜”,U+1F614,32918,U+1F614,ğŸ˜”,pensive face,0.6,Smileys & Emotion,face-sleepy,fully-qualified
ğŸ“±,U+1F4F1,31556,U+1F4F1,ğŸ“±,mobile phone,0.6,Objects,phone,fully-qualified
ğŸ“¸,U+1F4F8,31297,U+1F4F8,ğŸ“¸,camera with flash,1.0,Objects,light & video,fully-qualified
ğŸ’—,U+1F497,31098,U+1F497,ğŸ’—,growing heart,0.6,Smileys & Emotion,heart,fully-qualified
ğŸ¥,U+1F3A5,31065,U+1F3A5,ğŸ¥,movie camera,0.6,Objects,light & video,fully-qualified
ğŸ¤–,U+1F916,30937,U+1F916,ğŸ¤–,robot,1.0,Smileys & Emotion,face-costume,fully-qualified
ğŸŸ¢,U+1F7E2,30873,U+1F7E2,ğŸŸ¢,green circle,12.0,Symbols,geometric,fully-qualified
ğŸ¤¯,U+1F92F,30770,U+1F92F,ğŸ¤¯,exploding head,5.0,Smileys & Emotion,face-unwell,fully-qualified
ğŸ§¡,U+1F9E1,30574,U+1F9E1,ğŸ§¡,orange heart,5.0,Smileys & Emotion,heart,fully-qualified
ğŸ‘»,U+1F47B,30415,U+1F47B,ğŸ‘»,ghost,0.6,Smileys & Emotion,face-costume,fully-qualified
ğŸ’»,U+1F4BB,29750,U+1F4BB,ğŸ’»,laptop,0.6,Objects,computer,fully-qualified
ğŸ“,U+1F4DD,29668,U+1F4DD,ğŸ“,memo,0.6,Objects,writing,fully-qualified
ğŸ¥‚,U+1F942,29546,U+1F942,ğŸ¥‚,clinking glasses,3.0,Food & Drink,drink,fully-qualified
âœï¸,U+270D U+FE0F,29532,U+270D U+FE0F,âœï¸,writing hand,0.7,People & Body,hand-prop,fully-qualified
ğŸ˜˜,U+1F618,29418,U+1F618,ğŸ˜˜,face blowing a kiss,0.6,Smileys & Emotion,face-affection,fully-qualified
ğŸ¤“,U+1F913,29259,U+1F913,ğŸ¤“,nerd face,1.0,Smileys & Emotion,face-glasses,fully-qualified
â“,U+2753,29162,U+2753,â“,red question mark,0.6,Symbols,punctuation,fully-qualified
ğŸ¶,U+1F3B6,28862,U+1F3B6,ğŸ¶,musical notes,0.6,Objects,music,fully-qualified
ğŸ´,U+1F3F4,28861,U+1F3F4,ğŸ´,black flag,1.0,Flags,flag,fully-qualified
ğŸ ,U+1F3E0,28699,U+1F3E0,ğŸ ,house,0.6,Travel & Places,place-building,fully-qualified
ğŸµ,U+1F3B5,28090,U+1F3B5,ğŸµ,musical note,0.6,Objects,music,fully-qualified
ğŸ˜,U+1F60F,27740,U+1F60F,ğŸ˜,smirking face,0.6,Smileys & Emotion,face-neutral-skeptical,fully-qualified
ğŸ¾,U+1F43E,27738,U+1F43E,ğŸ¾,paw prints,0.6,Animals & Nature,animal-mammal,fully-qualified
â—,U+2757,27467,U+2757,â—,red exclamation mark,0.6,Symbols,punctuation,fully-qualified
ğŸ“§,U+1F4E7,27422,U+1F4E7,ğŸ“§,e-mail,0.6,Objects,mail,fully-qualified
ğŸ§ ,U+1F9E0,27358,U+1F9E0,ğŸ§ ,brain,5.0,People & Body,body-parts,fully-qualified
ğŸŒ,U+1F30E,26949,U+1F30E,ğŸŒ,globe showing Americas,0.7,Travel & Places,place-map,fully-qualified
ğŸ´,U+1F3F4,26685,U+1F3F4,ğŸ´,black flag,1.0,Flags,flag,fully-qualified
ğŸ˜¬,U+1F62C,26654,U+1F62C,ğŸ˜¬,grimacing face,1.0,Smileys & Emotion,face-neutral-skeptical,fully-qualified
ğŸ˜†,U+1F606,26539,U+1F606,ğŸ˜†,grinning squinting face,0.6,Smileys & Emotion,face-smiling,fully-qualified
ğŸŒŠ,U+1F30A,26524,U+1F30A,ğŸŒŠ,water wave,0.6,Travel & Places,sky & weather,fully-qualified
ğŸŒ±,U+1F331,25821,U+1F331,ğŸŒ±,seedling,0.6,Animals & Nature,plant-other,fully-qualified
ğŸ¤,U+1F3A4,25575,U+1F3A4,ğŸ¤,microphone,0.6,Objects,music,fully-qualified
ğŸŒ¸,U+1F338,25227,U+1F338,ğŸŒ¸,cherry blossom,0.6,Animals & Nature,plant-flower,fully-qualified
ğŸ¯,U+1F3AF,25174,U+1F3AF,ğŸ¯,bullseye,0.6,Activities,game,fully-qualified
ğŸ¥º,U+1F97A,24977,U+1F97A,ğŸ¥º,pleading face,11.0,Smileys & Emotion,face-concerned,fully-qualified
ğŸ¤­,U+1F92D,24647,U+1F92D,ğŸ¤­,face with hand over mouth,5.0,Smileys & Emotion,face-hand,fully-qualified
ğŸ“,U+1F4DE,24564,U+1F4DE,ğŸ“,telephone receiver,0.6,Objects,phone,fully-qualified
ğŸ˜‹,U+1F60B,24418,U+1F60B,ğŸ˜‹,face savoring food,0.6,Smileys & Emotion,face-tongue,fully-qualified
ğŸ˜±,U+1F631,23847,U+1F631,ğŸ˜±,face screaming in fear,0.6,Smileys & Emotion,face-concerned,fully-qualified
ğŸ™„,U+1F644,23811,U+1F644,ğŸ™„,face with rolling eyes,1.0,Smileys & Emotion,face-neutral-skeptical,fully-qualified
ğŸŒ,U+1F31E,23786,U+1F31E,ğŸŒ,sun with face,1.0,Travel & Places,sky & weather,fully-qualified
ğŸ˜€,U+1F600,23744,U+1F600,ğŸ˜€,grinning face,1.0,Smileys & Emotion,face-smiling,fully-qualified
ğŸ‚,U+1F342,23680,U+1F342,ğŸ‚,fallen leaf,0.6,Animals & Nature,plant-other,fully-qualified
ğŸš—,U+1F697,23265,U+1F697,ğŸš—,automobile,0.6,Travel & Places,transport-ground,fully-qualified
ğŸ¥µ,U+1F975,23241,U+1F975,ğŸ¥µ,hot face,11.0,Smileys & Emotion,face-unwell,fully-qualified
ğŸ“º,U+1F4FA,22469,U+1F4FA,ğŸ“º,television,0.6,Objects,light & video,fully-qualified
ğŸ˜„,U+1F604,22419,U+1F604,ğŸ˜„,grinning face with smiling eyes,0.6,Smileys & Emotion,face-smiling,fully-qualified
ğŸ’­,U+1F4AD,22194,U+1F4AD,ğŸ’­,thought balloon,1.0,Smileys & Emotion,emotion,fully-qualified
ğŸ‡«ğŸ‡·,U+1F1EB U+1F1F7,22149,U+1F1EB U+1F1F7,ğŸ‡«ğŸ‡·,flag: France,0.6,Flags,country-flag,fully-qualified
ğŸª©,U+1FAA9,22011,U+1FAA9,ğŸª©,mirror ball,14.0,Activities,game,fully-qualified
ğŸ˜²,U+1F632,21942,U+1F632,ğŸ˜²,astonished face,0.6,Smileys & Emotion,face-concerned,fully-qualified
ğŸ’•,U+1F495,21821,U+1F495,ğŸ’•,two hearts,0.6,Smileys & Emotion,heart,fully-qualified
ğŸ‚,U+1F382,21712,U+1F382,ğŸ‚,birthday cake,0.6,Food & Drink,food-sweet,fully-qualified
ğŸ«£,U+1FAE3,21589,U+1FAE3,ğŸ«£,face with peeking eye,14.0,Smileys & Emotion,face-hand,fully-qualified
ğŸŒ,U+1F30D,21511,U+1F30D,ğŸŒ,globe showing Europe-Africa,0.7,Travel & Places,place-map,fully-qualified
ğŸ”µ,U+1F535,21474,U+1F535,ğŸ”µ,blue circle,0.6,Symbols,geometric,fully-qualified
ğŸ¶,U+1F436,21036,U+1F436,ğŸ¶,dog face,0.6,Animals & Nature,animal-mammal,fully-qualified
ğŸŒ’,U+1F312,20989,U+1F312,ğŸŒ’,waxing crescent moon,1.0,Travel & Places,sky & weather,fully-qualified
ğŸ˜³,U+1F633,20876,U+1F633,ğŸ˜³,flushed face,0.6,Smileys & Emotion,face-concerned,fully-qualified
ğŸ¤«,U+1F92B,20663,U+1F92B,ğŸ¤«,shushing face,5.0,Smileys & Emotion,face-hand,fully-qualified
ğŸ¤‘,U+1F911,20276,U+1F911,ğŸ¤‘,money-mouth face,1.0,Smileys & Emotion,face-tongue,fully-qualified
ğŸ§,U+1F3A7,20164,U+1F3A7,ğŸ§,headphone,0.6,Objects,music,fully-qualified
ğŸ’,U+1F48E,20001,U+1F48E,ğŸ’,gem stone,0.6,Objects,clothing,fully-qualified
ğŸ®,U+1F3AE,19917,U+1F3AE,ğŸ®,video game,0.6,Activities,game,fully-qualified
ğŸŒ³,U+1F333,19902,U+1F333,ğŸŒ³,deciduous tree,1.0,Animals & Nature,plant-other,fully-qualified
ğŸ›ï¸,U+1F6CD U+FE0F,19789,U+1F6CD U+FE0F,ğŸ›ï¸,shopping bags,0.7,Objects,clothing,fully-qualified
ğŸ¥€,U+1F940,19673,U+1F940,ğŸ¥€,wilted flower,3.0,Animals & Nature,plant-flower,fully-qualified
ğŸŒ,U+1F310,19669,U+1F310,ğŸŒ,globe with meridians,1.0,Travel & Places,place-map,fully-qualified
ğŸ’«,U+1F4AB,19625,U+1F4AB,ğŸ’«,dizzy,0.6,Smileys & Emotion,emotion,fully-qualified
ğŸŒˆ,U+1F308,19525,U+1F308,ğŸŒˆ,rainbow,0.6,Travel & Places,sky & weather,fully-qualified
ğŸ«,U+1F3AB,19433,U+1F3AB,ğŸ«,ticket,0.6,Activities,event,fully-qualified
ğŸ«µ,U+1FAF5,19411,U+1FAF5,ğŸ«µ,index pointing at the viewer,14.0,People & Body,hand-single-finger,fully-qualified
â€¼ï¸,U+203C U+FE0F,19178,U+203C U+FE0F,â€¼ï¸,double exclamation mark,0.6,Symbols,punctuation,fully-qualified
ğŸ™ˆ,U+1F648,19102,U+1F648,ğŸ™ˆ,see-no-evil monkey,0.6,Smileys & Emotion,monkey-face,fully-qualified
ğŸ€,U+1F380,19062,U+1F380,ğŸ€,ribbon,0.6,Activities,event,fully-qualified
ğŸ¡,U+1F3E1,19001,U+1F3E1,ğŸ¡,house with garden,0.6,Travel & Places,place-building,fully-qualified
ğŸ’©,U+1F4A9,18666,U+1F4A9,ğŸ’©,pile of poo,0.6,Smileys & Emotion,face-costume,fully-qualified
ğŸ”,U+1F50E,18372,U+1F50E,ğŸ”,magnifying glass tilted right,0.6,Objects,light & video,fully-qualified
ğŸ“Œ,U+1F4CC,17771,U+1F4CC,ğŸ“Œ,pushpin,0.6,Objects,office,fully-qualified
ğŸ´,U+1F3F4,17735,U+1F3F4,ğŸ´,black flag,1.0,Flags,flag,fully-qualified
ğŸ¥‡,U+1F947,17713,U+1F947,ğŸ¥‡,1st place medal,3.0,Activities,award-medal,fully-qualified
ğŸ“²,U+1F4F2,17677,U+1F4F2,ğŸ“²,mobile phone with arrow,0.6,Objects,phone,fully-qualified
ğŸ‡ªğŸ‡¸,U+1F1EA U+1F1F8,17344,U+1F1EA U+1F1F8,ğŸ‡ªğŸ‡¸,flag: Spain,0.6,Flags,country-flag,fully-qualified
ğŸ»,U+1F37B,17287,U+1F37B,ğŸ»,clinking beer mugs,0.6,Food & Drink,drink,fully-qualified
ğŸ–•,U+1F595,17195,U+1F595,ğŸ–•,middle finger,1.0,People & Body,hand-single-finger,fully-qualified
ğŸ’¯,U+1F4AF,17119,U+1F4AF,ğŸ’¯,hundred points,0.6,Smileys & Emotion,emotion,fully-qualified
ğŸŒ¿,U+1F33F,17107,U+1F33F,ğŸŒ¿,herb,0.6,Animals & Nature,plant-other,fully-qualified
ğŸ‡®ğŸ‡¹,U+1F1EE U+1F1F9,16857,U+1F1EE U+1F1F9,ğŸ‡®ğŸ‡¹,flag: Italy,0.6,Flags,country-flag,fully-qualified
ğŸŒ´,U+1F334,16845,U+1F334,ğŸŒ´,palm tree,0.6,Animals & Nature,plant-other,fully-qualified
ğŸ“°,U+1F4F0,16692,U+1F4F0,ğŸ“°,newspaper,0.6,Objects,book-paper,fully-qualified
ğŸ–ï¸,U+1F3D6 U+FE0F,16652,U+1F3D6 U+FE0F,ğŸ–ï¸,beach with umbrella,0.7,Travel & Places,place-geographic,fully-qualified
ğŸ’ƒ,U+1F483,16622,U+1F483,ğŸ’ƒ,woman dancing,0.6,People & Body,person-activity,fully-qualified
ğŸ›’,U+1F6D2,16577,U+1F6D2,ğŸ›’,shopping cart,3.0,Objects,household,fully-qualified
ğŸ–¥ï¸,U+1F5A5 U+FE0F,16470,U+1F5A5 U+FE0F,ğŸ–¥ï¸,desktop computer,0.7,Objects,computer,fully-qualified
ğŸ’¦,U+1F4A6,16287,U+1F4A6,ğŸ’¦,sweat droplets,0.6,Smileys & Emotion,emotion,fully-qualified
ğŸ¤¦,U+1F926,16244,U+1F926,ğŸ¤¦,person facepalming,3.0,People & Body,person-gesture,fully-qualified
ğŸ™ï¸,U+1F399 U+FE0F,16224,U+1F399 U+FE0F,ğŸ™ï¸,studio microphone,0.7,Objects,music,fully-qualified
âš”ï¸,U+2694 U+FE0F,16128,U+2694 U+FE0F,âš”ï¸,crossed swords,1.0,Objects,tool,fully-qualified
ğŸ“Š,U+1F4CA,16111,U+1F4CA,ğŸ“Š,bar chart,0.6,Objects,office,fully-qualified
ğŸ‡©ğŸ‡ª,U+1F1E9 U+1F1EA,16102,U+1F1E9 U+1F1EA,ğŸ‡©ğŸ‡ª,flag: Germany,0.6,Flags,country-flag,fully-qualified
â¬†ï¸,U+2B06 U+FE0F,15967,U+2B06 U+FE0F,â¬†ï¸,up arrow,0.6,Symbols,arrow,fully-qualified
ğŸŸ¡,U+1F7E1,15962,U+1F7E1,ğŸŸ¡,yellow circle,12.0,Symbols,geometric,fully-qualified
ğŸ“¦,U+1F4E6,15863,U+1F4E6,ğŸ“¦,package,0.6,Objects,mail,fully-qualified
ğŸ©µ,U+1FA75,15838,U+1FA75,ğŸ©µ,light blue heart,15.0,Smileys & Emotion,heart,fully-qualified
ğŸ¤—,U+1F917,15818,U+1F917,ğŸ¤—,smiling face with open hands,1.0,Smileys & Emotion,face-hand,fully-qualified
ğŸ”,U+1F50D,15806,U+1F50D,ğŸ”,magnifying glass tilted left,0.6,Objects,light & video,fully-qualified
ğŸ“‹,U+1F4CB,15705,U+1F4CB,ğŸ“‹,clipboard,0.6,Objects,office,fully-qualified
ğŸ³ï¸â€ğŸŒˆ,U+1F3F3 U+FE0F U+200D U+1F308,15597,U+1F3F3 U+FE0F U+200D U+1F308,ğŸ³ï¸â€ğŸŒˆ,rainbow flag,4.0,Flags,flag,fully-qualified
ğŸ•,U+1F355,15591,U+1F355,ğŸ•,pizza,0.6,Food & Drink,food-prepared,fully-qualified
ğŸ˜‡,U+1F607,15523,U+1F607,ğŸ˜‡,smiling face with halo,1.0,Smileys & Emotion,face-smiling,fully-qualified
ğŸŸ ,U+1F7E0,15518,U+1F7E0,ğŸŸ ,orange circle,12.0,Symbols,geometric,fully-qualified
ğŸ”Š,U+1F50A,15517,U+1F50A,ğŸ”Š,speaker high volume,0.6,Objects,sound,fully-qualified
ğŸ˜¢,U+1F622,15516,U+1F622,ğŸ˜¢,crying face,0.6,Smileys & Emotion,face-concerned,fully-qualified
ğŸ¥¶,U+1F976,15446,U+1F976,ğŸ¥¶,cold face,11.0,Smileys & Emotion,face-unwell,fully-qualified
â„¹ï¸,U+2139 U+FE0F,15391,U+2139 U+FE0F,â„¹ï¸,information,0.6,Symbols,alphanum,fully-qualified
ğŸ¤¤,U+1F924,15348,U+1F924,ğŸ¤¤,drooling face,3.0,Smileys & Emotion,face-sleepy,fully-qualified
ğŸ”’,U+1F512,15329,U+1F512,ğŸ”’,locked,0.6,Objects,lock,fully-qualified
ğŸ« ,U+1FAE0,15289,U+1FAE0,ğŸ« ,melting face,14.0,Smileys & Emotion,face-smiling,fully-qualified
ğŸƒ,U+1F3C3,15257,U+1F3C3,ğŸƒ,person running,0.6,People & Body,person-activity,fully-qualified
ğŸŒ¹,U+1F339,15236,U+1F339,ğŸŒ¹,rose,0.6,Animals & Nature,plant-flower,fully-qualified
âœï¸,U+270F U+FE0F,15193,U+270F U+FE0F,âœï¸,pencil,0.6,Objects,writing,fully-qualified
ğŸ­,U+1F3AD,15165,U+1F3AD,ğŸ­,performing arts,0.6,Activities,arts & crafts,fully-qualified
ğŸ˜¡,U+1F621,15151,U+1F621,ğŸ˜¡,enraged face,0.6,Smileys & Emotion,face-negative,fully-qualified
ğŸ¤ª,U+1F92A,15090,U+1F92A,ğŸ¤ª,zany face,5.0,Smileys & Emotion,face-tongue,fully-qualified
ğŸ¥²,U+1F972,15074,U+1F972,ğŸ¥²,smiling face with tear,13.0,Smileys & Emotion,face-affection,fully-qualified
ğŸ—“ï¸,U+1F5D3 U+FE0F,15019,U+1F5D3 U+FE0F,ğŸ—“ï¸,spiral calendar,0.7,Objects,office,fully-qualified
ğŸ˜ƒ,U+1F603,14887,U+1F603,ğŸ˜ƒ,grinning face with big eyes,0.6,Smileys & Emotion,face-smiling,fully-qualified
ğŸ“œ,U+1F4DC,14886,U+1F4DC,ğŸ“œ,scroll,0.6,Objects,book-paper,fully-qualified
ğŸ‘Œ,U+1F44C,14841,U+1F44C,ğŸ‘Œ,OK hand,0.6,People & Body,hand-fingers-partial,fully-qualified
ğŸ™ƒ,U+1F643,14825,U+1F643,ğŸ™ƒ,upside-down face,1.0,Smileys & Emotion,face-smiling,fully-qualified
ğŸ’Œ,U+1F48C,14795,U+1F48C,ğŸ’Œ,love letter,0.6,Smileys & Emotion,heart,fully-qualified
ğŸ“,U+1F393,14724,U+1F393,ğŸ“,graduation cap,0.6,Objects,clothing,fully-qualified
â¤ï¸â€ğŸ”¥,U+2764 U+FE0F U+200D U+1F525,14691,U+2764 U+FE0F U+200D U+1F525,â¤ï¸â€ğŸ”¥,heart on fire,13.1,Smileys & Emotion,heart,fully-qualified
ğŸ—¿,U+1F5FF,14651,U+1F5FF,ğŸ—¿,moai,0.6,Objects,other-object,fully-qualified
ğŸ½ï¸,U+1F37D U+FE0F,14539,U+1F37D U+FE0F,ğŸ½ï¸,fork and knife with plate,0.7,Food & Drink,dishware,fully-qualified
â˜ï¸,U+261D U+FE0F,14525,U+261D U+FE0F,â˜ï¸,index pointing up,0.6,People & Body,hand-single-finger,fully-qualified
ğŸ””,U+1F514,14365,U+1F514,ğŸ””,bell,0.6,Objects,sound,fully-qualified
â˜ï¸,U+260E U+FE0F,14263,U+260E U+FE0F,â˜ï¸,telephone,0.6,Objects,phone,fully-qualified
ğŸ› ï¸,U+1F6E0 U+FE0F,14237,U+1F6E0 U+FE0F,ğŸ› ï¸,hammer and wrench,0.7,Objects,tool,fully-qualified
ğŸº,U+1F37A,14223,U+1F37A,ğŸº,beer mug,0.6,Food & Drink,drink,fully-qualified
ğŸ·,U+1F377,14161,U+1F377,ğŸ·,wine glass,0.6,Food & Drink,drink,fully-qualified
ğŸ’‹,U+1F48B,14160,U+1F48B,ğŸ’‹,kiss mark,0.6,Smileys & Emotion,emotion,fully-qualified
1ï¸âƒ£,U+0031 U+FE0F U+20E3,14149,U+0031 U+FE0F U+20E3,1ï¸âƒ£,keycap: 1,0.6,Symbols,keycap,fully-qualified
ğŸ¤·,U+1F937,14140,U+1F937,ğŸ¤·,person shrugging,3.0,People & Body,person-gesture,fully-qualified
ğŸª„,U+1FA84,14135,U+1FA84,ğŸª„,magic wand,13.0,Activities,game,fully-qualified
âš™ï¸,U+2699 U+FE0F,14058,U+2699 U+FE0F,âš™ï¸,gear,1.0,Objects,tool,fully-qualified
ğŸ˜œ,U+1F61C,13914,U+1F61C,ğŸ˜œ,winking face with tongue,0.6,Smileys & Emotion,face-tongue,fully-qualified
ğŸ‡µğŸ‡¸,U+1F1F5 U+1F1F8,13905,U+1F1F5 U+1F1F8,ğŸ‡µğŸ‡¸,flag: Palestinian Territories,2.0,Flags,country-flag,fully-qualified
ğŸŒ™,U+1F319,13896,U+1F319,ğŸŒ™,crescent moon,0.6,Travel & Places,sky & weather,fully-qualified
ğŸ«‚,U+1FAC2,13739,U+1FAC2,ğŸ«‚,people hugging,13.0,People & Body,person-symbol,fully-qualified
ğŸ˜®â€ğŸ’¨,U+1F62E U+200D U+1F4A8,13718,U+1F62E U+200D U+1F4A8,ğŸ˜®â€ğŸ’¨,face exhaling,13.1,Smileys & Emotion,face-neutral-skeptical,fully-qualified
ğŸ’…,U+1F485,13701,U+1F485,ğŸ’…,nail polish,0.6,People & Body,hand-prop,fully-qualified
ğŸ’·,U+1F4B7,13698,U+1F4B7,ğŸ’·,pound banknote,1.0,Objects,money,fully-qualified
ğŸ˜®,U+1F62E,13607,U+1F62E,ğŸ˜®,face with open mouth,1.0,Smileys & Emotion,face-concerned,fully-qualified
ğŸ—ºï¸,U+1F5FA U+FE0F,13562,U+1F5FA U+FE0F,ğŸ—ºï¸,world map,0.7,Travel & Places,place-map,fully-qualified
ğŸ”«,U+1F52B,13514,U+1F52B,ğŸ”«,water pistol,0.6,Activities,game,fully-qualified
ğŸ˜Œ,U+1F60C,13341,U+1F60C,ğŸ˜Œ,relieved face,0.6,Smileys & Emotion,face-sleepy,fully-qualified
ğŸƒ,U+1F343,13330,U+1F343,ğŸƒ,leaf fluttering in wind,0.6,Animals & Nature,plant-other,fully-qualified
ğŸ¸,U+1F3B8,13273,U+1F3B8,ğŸ¸,guitar,0.6,Objects,musical-instrument,fully-qualified
ğŸ¬,U+1F3AC,13196,U+1F3AC,ğŸ¬,clapper board,0.6,Objects,light & video,fully-qualified
ğŸ¹,U+1F379,13107,U+1F379,ğŸ¹,tropical drink,0.6,Food & Drink,drink,fully-qualified
â³,U+23F3,13054,U+23F3,â³,hourglass not done,0.6,Travel & Places,time,fully-qualified
ğŸï¸,U+1F3CE U+FE0F,12889,U+1F3CE U+FE0F,ğŸï¸,racing car,0.7,Travel & Places,transport-ground,fully-qualified
ğŸŠ,U+1F38A,12862,U+1F38A,ğŸŠ,confetti ball,0.6,Activities,event,fully-qualified
ğŸ,U+1F41D,12715,U+1F41D,ğŸ,honeybee,0.6,Animals & Nature,animal-bug,fully-qualified
ğŸ°,U+1F430,12688,U+1F430,ğŸ°,rabbit face,0.6,Animals & Nature,animal-mammal,fully-qualified
ğŸ”,U+1F354,12688,U+1F354,ğŸ”,hamburger,0.6,Food & Drink,food-prepared,fully-qualified
ğŸ’,U+1F48D,12641,U+1F48D,ğŸ’,ring,0.6,Objects,clothing,fully-qualified
ğŸ˜´,U+1F634,12635,U+1F634,ğŸ˜´,sleeping face,1.0,Smileys & Emotion,face-sleepy,fully-qualified
â¤ï¸â€ğŸ©¹,U+2764 U+FE0F U+200D U+1FA79,12568,U+2764 U+FE0F U+200D U+1FA79,â¤ï¸â€ğŸ©¹,mending heart,13.1,Smileys & Emotion,heart,fully-qualified
ğŸ¸,U+1F378,12409,U+1F378,ğŸ¸,cocktail glass,0.6,Food & Drink,drink,fully-qualified
â˜ï¸,U+2601 U+FE0F,12336,U+2601 U+FE0F,â˜ï¸,cloud,0.6,Travel & Places,sky & weather,fully-qualified
âœ‰ï¸,U+2709 U+FE0F,12310,U+2709 U+FE0F,âœ‰ï¸,envelope,0.6,Objects,mail,fully-qualified
ğŸ¤¨,U+1F928,12291,U+1F928,ğŸ¤¨,face with raised eyebrow,5.0,Smileys & Emotion,face-neutral-skeptical,fully-qualified
ğŸˆ,U+1F388,12285,U+1F388,ğŸˆ,balloon,0.6,Activities,event,fully-qualified
ğŸ«©,U+1FAE9,12269,U+1FAE9,ğŸ«©,face with bags under eyes,16.0,Smileys & Emotion,face-sleepy,fully-qualified
ğŸ’¼,U+1F4BC,12258,U+1F4BC,ğŸ’¼,briefcase,0.6,Objects,office,fully-qualified
ğŸ«§,U+1FAE7,12049,U+1FAE7,ğŸ«§,bubbles,14.0,Objects,household,fully-qualified
ğŸ¤¡,U+1F921,11961,U+1F921,ğŸ¤¡,clown face,3.0,Smileys & Emotion,face-costume,fully-qualified
ğŸšš,U+1F69A,11929,U+1F69A,ğŸšš,delivery truck,0.6,Travel & Places,transport-ground,fully-qualified
ğŸ†,U+1F386,11888,U+1F386,ğŸ†,fireworks,0.6,Activities,event,fully-qualified
ğŸ”‘,U+1F511,11774,U+1F511,ğŸ”‘,key,0.6,Objects,lock,fully-qualified
ğŸ©¸,U+1FA78,11766,U+1FA78,ğŸ©¸,drop of blood,12.0,Objects,medical,fully-qualified
ğŸŒ”,U+1F314,11728,U+1F314,ğŸŒ”,waxing gibbous moon,0.6,Travel & Places,sky & weather,fully-qualified
ğŸ’§,U+1F4A7,11646,U+1F4A7,ğŸ’§,droplet,0.6,Travel & Places,sky & weather,fully-qualified
ğŸŒ»,U+1F33B,11622,U+1F33B,ğŸŒ»,sunflower,0.6,Animals & Nature,plant-flower,fully-qualified
ğŸ”®,U+1F52E,11596,U+1F52E,ğŸ”®,crystal ball,0.6,Activities,game,fully-qualified
ğŸ³ï¸â€âš§ï¸,U+1F3F3 U+FE0F U+200D U+26A7 U+FE0F,11580,U+1F3F3 U+FE0F U+200D U+26A7 U+FE0F,ğŸ³ï¸â€âš§ï¸,transgender flag,13.0,Flags,flag,fully-qualified
ğŸ•º,U+1F57A,11519,U+1F57A,ğŸ•º,man dancing,3.0,People & Body,person-activity,fully-qualified
â™»ï¸,U+267B U+FE0F,11463,U+267B U+FE0F,â™»ï¸,recycling symbol,0.6,Symbols,other-symbol,fully-qualified
ğŸ«,U+1F36B,11430,U+1F36B,ğŸ«,chocolate bar,0.6,Food & Drink,food-sweet,fully-qualified
âŒ›,U+231B,11337,U+231B,âŒ›,hourglass done,0.6,Travel & Places,time,fully-qualified
ğŸ€,U+1F340,11293,U+1F340,ğŸ€,four leaf clover,0.6,Animals & Nature,plant-other,fully-qualified
ğŸ«¶ğŸ»,U+1FAF6 U+1F3FB,11240,U+1FAF6 U+1F3FB,ğŸ«¶ğŸ»,heart hands: light skin tone,14.0,People & Body,hands,fully-qualified
âœŒï¸,U+270C U+FE0F,11167,U+270C U+FE0F,âœŒï¸,victory hand,0.6,People & Body,hand-fingers-partial,fully-qualified
ğŸ‘,U+1F351,11101,U+1F351,ğŸ‘,peach,0.6,Food & Drink,food-fruit,fully-qualified
ğŸŒ²,U+1F332,11051,U+1F332,ğŸŒ²,evergreen tree,1.0,Animals & Nature,plant-other,fully-qualified
ğŸŒ¼,U+1F33C,11008,U+1F33C,ğŸŒ¼,blossom,0.6,Animals & Nature,plant-flower,fully-qualified
2ï¸âƒ£,U+0032 U+FE0F U+20E3,10941,U+0032 U+FE0F U+20E3,2ï¸âƒ£,keycap: 2,0.6,Symbols,keycap,fully-qualified
ğŸ“¹,U+1F4F9,10910,U+1F4F9,ğŸ“¹,video camera,0.6,Objects,light & video,fully-qualified
ğŸ¾,U+1F37E,10898,U+1F37E,ğŸ¾,bottle with popping cork,1.0,Food & Drink,drink,fully-qualified
ğŸ‡®ğŸ‡ª,U+1F1EE U+1F1EA,10888,U+1F1EE U+1F1EA,ğŸ‡®ğŸ‡ª,flag: Ireland,2.0,Flags,country-flag,fully-qualified
ğŸŒ¶ï¸,U+1F336 U+FE0F,10834,U+1F336 U+FE0F,ğŸŒ¶ï¸,hot pepper,0.7,Food & Drink,food-vegetable,fully-qualified
ğŸ–¼ï¸,U+1F5BC U+FE0F,10830,U+1F5BC U+FE0F,ğŸ–¼ï¸,framed picture,0.7,Activities,arts & crafts,fully-qualified
ğŸ’¨,U+1F4A8,10810,U+1F4A8,ğŸ’¨,dashing away,0.6,Smileys & Emotion,emotion,fully-qualified
ğŸ˜©,U+1F629,10793,U+1F629,ğŸ˜©,weary face,0.6,Smileys & Emotion,face-concerned,fully-qualified
ğŸ˜ ,U+1F620,10767,U+1F620,ğŸ˜ ,angry face,0.6,Smileys & Emotion,face-negative,fully-qualified
ğŸ’,U+1F490,10729,U+1F490,ğŸ’,bouquet,0.6,Animals & Nature,plant-flower,fully-qualified
ğŸ¦‡,U+1F987,10670,U+1F987,ğŸ¦‡,bat,3.0,Animals & Nature,animal-mammal,fully-qualified
â˜ ï¸,U+2620 U+FE0F,10659,U+2620 U+FE0F,â˜ ï¸,skull and crossbones,1.0,Smileys & Emotion,face-negative,fully-qualified
ğŸ‘Š,U+1F44A,10577,U+1F44A,ğŸ‘Š,oncoming fist,0.6,People & Body,hand-fingers-closed,fully-qualified
ğŸŒ˜,U+1F318,10564,U+1F318,ğŸŒ˜,waning crescent moon,1.0,Travel & Places,sky & weather,fully-qualified
â˜‘ï¸,U+2611 U+FE0F,10529,U+2611 U+FE0F,â˜‘ï¸,check box with check,0.6,Symbols,other-symbol,fully-qualified
âš–ï¸,U+2696 U+FE0F,10365,U+2696 U+FE0F,âš–ï¸,balance scale,1.0,Objects,tool,fully-qualified
ğŸ’¤,U+1F4A4,10304,U+1F4A4,ğŸ’¤,ZZZ,0.6,Smileys & Emotion,emotion,fully-qualified
ğŸ›¡ï¸,U+1F6E1 U+FE0F,10276,U+1F6E1 U+FE0F,ğŸ›¡ï¸,shield,0.7,Objects,tool,fully-qualified
ğŸš§,U+1F6A7,10265,U+1F6A7,ğŸš§,construction,0.6,Travel & Places,transport-ground,fully-qualified
ğŸŸ,U+1F41F,10118,U+1F41F,ğŸŸ,fish,0.6,Animals & Nature,animal-marine,fully-qualified
ğŸˆ,U+1F408,10115,U+1F408,ğŸˆ,cat,0.7,Animals & Nature,animal-mammal,fully-qualified
â¤µï¸,U+2935 U+FE0F,10107,U+2935 U+FE0F,â¤µï¸,right arrow curving down,0.6,Symbols,arrow,fully-qualified
ğŸ§µ,U+1F9F5,10105,U+1F9F5,ğŸ§µ,thread,11.0,Activities,arts & crafts,fully-qualified
â±ï¸,U+23F1 U+FE0F,10103,U+23F1 U+FE0F,â±ï¸,stopwatch,1.0,Travel & Places,time,fully-qualified
ğŸ‘¶,U+1F476,10066,U+1F476,ğŸ‘¶,baby,0.6,People & Body,person,fully-qualified
ğŸ¥Š,U+1F94A,10005,U+1F94A,ğŸ¥Š,boxing glove,3.0,Activities,sport,fully-qualified
ğŸ“,U+1F353,9992,U+1F353,ğŸ“,strawberry,0.6,Food & Drink,food-fruit,fully-qualified
ğŸ•,U+1F415,9958,U+1F415,ğŸ•,dog,0.7,Animals & Nature,animal-mammal,fully-qualified
â›°ï¸,U+26F0 U+FE0F,9944,U+26F0 U+FE0F,â›°ï¸,mountain,0.7,Travel & Places,place-geographic,fully-qualified
âšª,U+26AA,9937,U+26AA,âšª,white circle,0.6,Symbols,geometric,fully-qualified
ğŸš«,U+1F6AB,9871,U+1F6AB,ğŸš«,prohibited,0.6,Symbols,warning,fully-qualified
ğŸ§ª,U+1F9EA,9818,U+1F9EA,ğŸ§ª,test tube,11.0,Objects,science,fully-qualified
ğŸ†,U+1F346,9804,U+1F346,ğŸ†,eggplant,0.6,Food & Drink,food-vegetable,fully-qualified
3ï¸âƒ£,U+0033 U+FE0F U+20E3,9800,U+0033 U+FE0F U+20E3,3ï¸âƒ£,keycap: 3,0.6,Symbols,keycap,fully-qualified
ğŸ¿,U+1F37F,9793,U+1F37F,ğŸ¿,popcorn,1.0,Food & Drink,food-prepared,fully-qualified
ğŸ¦‹,U+1F98B,9786,U+1F98B,ğŸ¦‹,butterfly,3.0,Animals & Nature,animal-bug,fully-qualified
ğŸ”¨,U+1F528,9710,U+1F528,ğŸ”¨,hammer,0.6,Objects,tool,fully-qualified
ğŸ˜›,U+1F61B,9654,U+1F61B,ğŸ˜›,face with tongue,1.0,Smileys & Emotion,face-tongue,fully-qualified
â˜ƒï¸,U+2603 U+FE0F,9650,U+2603 U+FE0F,â˜ƒï¸,snowman,0.7,Travel & Places,sky & weather,fully-qualified
ğŸ…,U+1F3C5,9593,U+1F3C5,ğŸ…,sports medal,1.0,Activities,award-medal,fully-qualified
ğŸ‘ï¸,U+1F441 U+FE0F,9588,U+1F441 U+FE0F,ğŸ‘ï¸,eye,0.7,People & Body,body-parts,fully-qualified
ğŸ±,U+1F431,9580,U+1F431,ğŸ±,cat face,0.6,Animals & Nature,animal-mammal,fully-qualified
âš«,U+26AB,9563,U+26AB,âš«,black circle,0.6,Symbols,geometric,fully-qualified
ğŸ‡¯ğŸ‡µ,U+1F1EF U+1F1F5,9510,U+1F1EF U+1F1F5,ğŸ‡¯ğŸ‡µ,flag: Japan,0.6,Flags,country-flag,fully-qualified
ğŸ¢,U+1F3E2,9507,U+1F3E2,ğŸ¢,office building,0.6,Travel & Places,place-building,fully-qualified
ğŸ,U+1F3C1,9413,U+1F3C1,ğŸ,chequered flag,0.6,Flags,flag,fully-qualified
ğŸ¤ ,U+1F920,9400,U+1F920,ğŸ¤ ,cowboy hat face,3.0,Smileys & Emotion,face-hat,fully-qualified
ğŸ°,U+1F370,9355,U+1F370,ğŸ°,shortcake,0.6,Food & Drink,food-sweet,fully-qualified
ğŸ˜¨,U+1F628,9335,U+1F628,ğŸ˜¨,fearful face,0.6,Smileys & Emotion,face-concerned,fully-qualified
ğŸ‘…,U+1F445,9309,U+1F445,ğŸ‘…,tongue,0.6,People & Body,body-parts,fully-qualified
ğŸ˜µâ€ğŸ’«,U+1F635 U+200D U+1F4AB,9301,U+1F635 U+200D U+1F4AB,ğŸ˜µâ€ğŸ’«,face with spiral eyes,13.1,Smileys & Emotion,face-unwell,fully-qualified
ğŸ§¸,U+1F9F8,9213,U+1F9F8,ğŸ§¸,teddy bear,11.0,Activities,game,fully-qualified
ğŸ•Šï¸,U+1F54A U+FE0F,9133,U+1F54A U+FE0F,ğŸ•Šï¸,dove,0.7,Animals & Nature,animal-bird,fully-qualified
ğŸ‘,U+1F44E,9115,U+1F44E,ğŸ‘,thumbs down,0.6,People & Body,hand-fingers-closed,fully-qualified
ğŸŒ·,U+1F337,9072,U+1F337,ğŸŒ·,tulip,0.6,Animals & Nature,plant-flower,fully-qualified
ğŸ‡¦ğŸ‡º,U+1F1E6 U+1F1FA,9064,U+1F1E6 U+1F1FA,ğŸ‡¦ğŸ‡º,flag: Australia,2.0,Flags,country-flag,fully-qualified
ğŸ‡³ğŸ‡±,U+1F1F3 U+1F1F1,9018,U+1F1F3 U+1F1F1,ğŸ‡³ğŸ‡±,flag: Netherlands,2.0,Flags,country-flag,fully-qualified
ğŸ´,U+1F374,8966,U+1F374,ğŸ´,fork and knife,0.6,Food & Drink,dishware,fully-qualified
ğŸ’,U+1F49E,8960,U+1F49E,ğŸ’,revolving hearts,0.6,Smileys & Emotion,heart,fully-qualified
ğŸ“†,U+1F4C6,8954,U+1F4C6,ğŸ“†,tear-off calendar,0.6,Objects,office,fully-qualified
ğŸ‘½,U+1F47D,8949,U+1F47D,ğŸ‘½,alien,0.6,Smileys & Emotion,face-costume,fully-qualified
ğŸŸ¥,U+1F7E5,8907,U+1F7E5,ğŸŸ¥,red square,12.0,Symbols,geometric,fully-qualified
ğŸ¾,U+1F3BE,8896,U+1F3BE,ğŸ¾,tennis,0.6,Activities,sport,fully-qualified
ğŸ˜,U+1F61D,8872,U+1F61D,ğŸ˜,squinting face with tongue,0.6,Smileys & Emotion,face-tongue,fully-qualified
ğŸ¦,U+1F981,8785,U+1F981,ğŸ¦,lion,1.0,Animals & Nature,animal-mammal,fully-qualified
ğŸ›ï¸,U+1F6CF U+FE0F,8696,U+1F6CF U+FE0F,ğŸ›ï¸,bed,0.7,Objects,household,fully-qualified
ğŸšŒ,U+1F68C,8689,U+1F68C,ğŸšŒ,bus,0.6,Travel & Places,transport-ground,fully-qualified
ğŸ£,U+1F423,8689,U+1F423,ğŸ£,hatching chick,0.6,Animals & Nature,animal-bird,fully-qualified
ğŸ¥š,U+1F95A,8668,U+1F95A,ğŸ¥š,egg,3.0,Food & Drink,food-prepared,fully-qualified
ğŸ,U+1F34E,8639,U+1F34E,ğŸ,red apple,0.6,Food & Drink,food-fruit,fully-qualified
ğŸ—³ï¸,U+1F5F3 U+FE0F,8613,U+1F5F3 U+FE0F,ğŸ—³ï¸,ballot box with ballot,0.7,Objects,mail,fully-qualified
ğŸ¥,U+1F941,8598,U+1F941,ğŸ¥,drum,3.0,Objects,musical-instrument,fully-qualified
ğŸ,U+1F410,8561,U+1F410,ğŸ,goat,1.0,Animals & Nature,animal-mammal,fully-qualified
ğŸŒ–,U+1F316,8450,U+1F316,ğŸŒ–,waning gibbous moon,1.0,Travel & Places,sky & weather,fully-qualified
ğŸ’,U+1F352,8432,U+1F352,ğŸ’,cherries,0.6,Food & Drink,food-fruit,fully-qualified
ğŸª,U+1F36A,8390,U+1F36A,ğŸª,cookie,0.6,Food & Drink,food-sweet,fully-qualified
ğŸ¤®,U+1F92E,8385,U+1F92E,ğŸ¤®,face vomiting,5.0,Smileys & Emotion,face-unwell,fully-qualified
ğŸ”§,U+1F527,8372,U+1F527,ğŸ”§,wrench,0.6,Objects,tool,fully-qualified
ğŸ•¯ï¸,U+1F56F U+FE0F,8290,U+1F56F U+FE0F,ğŸ•¯ï¸,candle,0.7,Objects,light & video,fully-qualified
ğŸ²,U+1F3B2,8287,U+1F3B2,ğŸ²,game die,0.6,Activities,game,fully-qualified
ğŸ¦,U+1F426,8248,U+1F426,ğŸ¦,bird,0.6,Animals & Nature,animal-bird,fully-qualified
ğŸ§¬,U+1F9EC,8176,U+1F9EC,ğŸ§¬,dna,11.0,Objects,science,fully-qualified
â–¶ï¸,U+25B6 U+FE0F,8135,U+25B6 U+FE0F,â–¶ï¸,play button,0.6,Symbols,av-symbol,fully-qualified
ğŸŒº,U+1F33A,8123,U+1F33A,ğŸŒº,hibiscus,0.6,Animals & Nature,plant-flower,fully-qualified
ğŸ«¦,U+1FAE6,8082,U+1FAE6,ğŸ«¦,biting lip,14.0,People & Body,body-parts,fully-qualified
ğŸ˜,U+1F61E,8060,U+1F61E,ğŸ˜,disappointed face,0.6,Smileys & Emotion,face-concerned,fully-qualified
ğŸ¥±,U+1F971,8021,U+1F971,ğŸ¥±,yawning face,12.0,Smileys & Emotion,face-concerned,fully-qualified
ğŸ‡¨ğŸ‡¦,U+1F1E8 U+1F1E6,8010,U+1F1E8 U+1F1E6,ğŸ‡¨ğŸ‡¦,flag: Canada,2.0,Flags,country-flag,fully-qualified
ğŸ”‹,U+1F50B,7966,U+1F50B,ğŸ”‹,battery,0.6,Objects,computer,fully-qualified
â¬…ï¸,U+2B05 U+FE0F,7952,U+2B05 U+FE0F,â¬…ï¸,left arrow,0.6,Symbols,arrow,fully-qualified
ğŸ‘ˆ,U+1F448,7932,U+1F448,ğŸ‘ˆ,backhand index pointing left,0.6,People & Body,hand-single-finger,fully-qualified
ğŸ–Šï¸,U+1F58A U+FE0F,7927,U+1F58A U+FE0F,ğŸ–Šï¸,pen,0.7,Objects,writing,fully-qualified
ğŸ‰,U+1F409,7915,U+1F409,ğŸ‰,dragon,1.0,Animals & Nature,animal-reptile,fully-qualified
ğŸ¦Œ,U+1F98C,7869,U+1F98C,ğŸ¦Œ,deer,3.0,Animals & Nature,animal-mammal,fully-qualified
ğŸ¬,U+1F36C,7835,U+1F36C,ğŸ¬,candy,0.6,Food & Drink,food-sweet,fully-qualified
ğŸš©,U+1F6A9,7833,U+1F6A9,ğŸš©,triangular flag,0.6,Flags,flag,fully-qualified
ğŸŸ£,U+1F7E3,7826,U+1F7E3,ğŸŸ£,purple circle,12.0,Symbols,geometric,fully-qualified
ğŸª™,U+1FA99,7793,U+1FA99,ğŸª™,coin,13.0,Objects,money,fully-qualified
ğŸ‡µğŸ‡±,U+1F1F5 U+1F1F1,7758,U+1F1F5 U+1F1F1,ğŸ‡µğŸ‡±,flag: Poland,2.0,Flags,country-flag,fully-qualified
ğŸ˜¤,U+1F624,7745,U+1F624,ğŸ˜¤,face with steam from nose,0.6,Smileys & Emotion,face-negative,fully-qualified
ğŸ‡§ğŸ‡·,U+1F1E7 U+1F1F7,7723,U+1F1E7 U+1F1F7,ğŸ‡§ğŸ‡·,flag: Brazil,2.0,Flags,country-flag,fully-qualified
ğŸ“½ï¸,U+1F4FD U+FE0F,7717,U+1F4FD U+FE0F,ğŸ“½ï¸,film projector,0.7,Objects,light & video,fully-qualified
ğŸ™‚â€â†•ï¸,U+1F642 U+200D U+2195 U+FE0F,7703,U+1F642 U+200D U+2195 U+FE0F,ğŸ™‚â€â†•ï¸,head shaking vertically,15.1,Smileys & Emotion,face-neutral-skeptical,fully-qualified
ğŸº,U+1F43A,7657,U+1F43A,ğŸº,wolf,0.6,Animals & Nature,animal-mammal,fully-qualified
ğŸ°,U+1F3F0,7657,U+1F3F0,ğŸ°,castle,0.6,Travel & Places,place-building,fully-qualified
ğŸ‡®ğŸ‡³,U+1F1EE U+1F1F3,7618,U+1F1EE U+1F1F3,ğŸ‡®ğŸ‡³,flag: India,2.0,Flags,country-flag,fully-qualified
ğŸ§Š,U+1F9CA,7614,U+1F9CA,ğŸ§Š,ice,12.0,Food & Drink,drink,fully-qualified
ğŸ‹,U+1F34B,7598,U+1F34B,ğŸ‹,lemon,1.0,Food & Drink,food-fruit,fully-qualified
ğŸ¦…,U+1F985,7560,U+1F985,ğŸ¦…,eagle,3.0,Animals & Nature,animal-bird,fully-qualified
ğŸ˜,U+1F610,7498,U+1F610,ğŸ˜,neutral face,0.7,Smileys & Emotion,face-neutral-skeptical,fully-qualified
ğŸ,U+1F341,7495,U+1F341,ğŸ,maple leaf,0.6,Animals & Nature,plant-other,fully-qualified
ğŸš²,U+1F6B2,7484,U+1F6B2,ğŸš²,bicycle,0.6,Travel & Places,transport-ground,fully-qualified
ğŸ“„,U+1F4C4,7425,U+1F4C4,ğŸ“„,page facing up,0.6,Objects,book-paper,fully-qualified
ğŸ‘•,U+1F455,7414,U+1F455,ğŸ‘•,t-shirt,0.6,Objects,clothing,fully-qualified
ğŸ–Œï¸,U+1F58C U+FE0F,7382,U+1F58C U+FE0F,ğŸ–Œï¸,paintbrush,0.7,Objects,writing,fully-qualified
ğŸ‰,U+1F3C9,7364,U+1F3C9,ğŸ‰,rugby football,1.0,Activities,sport,fully-qualified
ğŸï¸,U+1F39E U+FE0F,7356,U+1F39E U+FE0F,ğŸï¸,film frames,0.7,Objects,light & video,fully-qualified
ğŸ†•,U+1F195,7322,U+1F195,ğŸ†•,NEW button,0.6,Symbols,alphanum,fully-qualified
ğŸ¤,U+1F90E,7310,U+1F90E,ğŸ¤,brown heart,12.0,Smileys & Emotion,heart,fully-qualified
ğŸ»,U+1F43B,7230,U+1F43B,ğŸ»,bear,0.6,Animals & Nature,animal-mammal,fully-qualified
ğŸŒ§ï¸,U+1F327 U+FE0F,7230,U+1F327 U+FE0F,ğŸŒ§ï¸,cloud with rain,0.7,Travel & Places,sky & weather,fully-qualified
ğŸ‡µğŸ‡¹,U+1F1F5 U+1F1F9,7179,U+1F1F5 U+1F1F9,ğŸ‡µğŸ‡¹,flag: Portugal,2.0,Flags,country-flag,fully-qualified
â›”,U+26D4,7177,U+26D4,â›”,no entry,0.6,Symbols,warning,fully-qualified
ğŸ§€,U+1F9C0,7176,U+1F9C0,ğŸ§€,cheese wedge,1.0,Food & Drink,food-prepared,fully-qualified
ğŸ‡ºğŸ‡¦,U+1F1FA U+1F1E6,7109,U+1F1FA U+1F1E6,ğŸ‡ºğŸ‡¦,flag: Ukraine,2.0,Flags,country-flag,fully-qualified
ğŸ”¹,U+1F539,7105,U+1F539,ğŸ”¹,small blue diamond,0.6,Symbols,geometric,fully-qualified
ğŸŒ ,U+1F320,7092,U+1F320,ğŸŒ ,shooting star,0.6,Travel & Places,sky & weather,fully-qualified
ğŸ‘¾,U+1F47E,7091,U+1F47E,ğŸ‘¾,alien monster,0.6,Smileys & Emotion,face-costume,fully-qualified
ğŸš¢,U+1F6A2,7081,U+1F6A2,ğŸš¢,ship,0.6,Travel & Places,transport-water,fully-qualified
ğŸ‘·,U+1F477,7079,U+1F477,ğŸ‘·,construction worker,0.6,People & Body,person-role,fully-qualified
ğŸ”ª,U+1F52A,7001,U+1F52A,ğŸ”ª,kitchen knife,0.6,Food & Drink,dishware,fully-qualified
ğŸ¦,U+1F366,6995,U+1F366,ğŸ¦,soft ice cream,0.6,Food & Drink,food-sweet,fully-qualified
ğŸ’³,U+1F4B3,6990,U+1F4B3,ğŸ’³,credit card,0.6,Objects,money,fully-qualified
ğŸ¤¦â€â™‚ï¸,U+1F926 U+200D U+2642 U+FE0F,6988,U+1F926 U+200D U+2642 U+FE0F,ğŸ¤¦â€â™‚ï¸,man facepalming,4.0,People & Body,person-gesture,fully-qualified
ğŸ‘¥,U+1F465,6977,U+1F465,ğŸ‘¥,busts in silhouette,1.0,People & Body,person-symbol,fully-qualified
ğŸï¸,U+1F3DD U+FE0F,6966,U+1F3DD U+FE0F,ğŸï¸,desert island,0.7,Travel & Places,place-geographic,fully-qualified
ğŸ„,U+1F344,6953,U+1F344,ğŸ„,mushroom,0.6,Animals & Nature,plant-other,fully-qualified
ğŸ’,U+1F49D,6938,U+1F49D,ğŸ’,heart with ribbon,0.6,Smileys & Emotion,heart,fully-qualified
ğŸ§,U+1F9D0,6937,U+1F9D0,ğŸ§,face with monocle,5.0,Smileys & Emotion,face-glasses,fully-qualified
ğŸ—¡ï¸,U+1F5E1 U+FE0F,6935,U+1F5E1 U+FE0F,ğŸ—¡ï¸,dagger,0.7,Objects,tool,fully-qualified
â›³,U+26F3,6925,U+26F3,â›³,flag in hole,0.6,Activities,sport,fully-qualified
ğŸ,U+1F40D,6916,U+1F40D,ğŸ,snake,0.6,Animals & Nature,animal-reptile,fully-qualified
ğŸ‘Ÿ,U+1F45F,6914,U+1F45F,ğŸ‘Ÿ,running shoe,0.6,Objects,clothing,fully-qualified
ğŸ¤˜,U+1F918,6900,U+1F918,ğŸ¤˜,sign of the horns,1.0,People & Body,hand-fingers-partial,fully-qualified
ğŸ’µ,U+1F4B5,6863,U+1F4B5,ğŸ’µ,dollar banknote,0.6,Objects,money,fully-qualified
ğŸ‡¬ğŸ‡·,U+1F1EC U+1F1F7,6858,U+1F1EC U+1F1F7,ğŸ‡¬ğŸ‡·,flag: Greece,2.0,Flags,country-flag,fully-qualified
ğŸ§,U+1F9C1,6847,U+1F9C1,ğŸ§,cupcake,11.0,Food & Drink,food-sweet,fully-qualified
ğŸ›‘,U+1F6D1,6842,U+1F6D1,ğŸ›‘,stop sign,3.0,Travel & Places,transport-ground,fully-qualified
â”,U+2754,6837,U+2754,â”,white question mark,0.6,Symbols,punctuation,fully-qualified
ğŸ¤¬,U+1F92C,6834,U+1F92C,ğŸ¤¬,face with symbols on mouth,5.0,Smileys & Emotion,face-negative,fully-qualified
ğŸ«¶ğŸ¼,U+1FAF6 U+1F3FC,6831,U+1FAF6 U+1F3FC,ğŸ«¶ğŸ¼,heart hands: medium-light skin tone,14.0,People & Body,hands,fully-qualified
ğŸ¤¢,U+1F922,6808,U+1F922,ğŸ¤¢,nauseated face,3.0,Smileys & Emotion,face-unwell,fully-qualified
ğŸ‡¨ğŸ‡³,U+1F1E8 U+1F1F3,6806,U+1F1E8 U+1F1F3,ğŸ‡¨ğŸ‡³,flag: China,0.6,Flags,country-flag,fully-qualified
ğŸ¦–,U+1F996,6797,U+1F996,ğŸ¦–,T-Rex,5.0,Animals & Nature,animal-reptile,fully-qualified
ğŸš‚,U+1F682,6768,U+1F682,ğŸš‚,locomotive,1.0,Travel & Places,transport-ground,fully-qualified
ğŸ—ï¸,U+1F5DE U+FE0F,6691,U+1F5DE U+FE0F,ğŸ—ï¸,rolled-up newspaper,0.7,Objects,book-paper,fully-qualified
ğŸ«,U+1F3EB,6684,U+1F3EB,ğŸ«,school,0.6,Travel & Places,place-building,fully-qualified
ğŸš†,U+1F686,6672,U+1F686,ğŸš†,train,1.0,Travel & Places,transport-ground,fully-qualified
ğŸ’Š,U+1F48A,6640,U+1F48A,ğŸ’Š,pill,0.6,Objects,medical,fully-qualified
ğŸƒâ€â™€ï¸,U+1F3C3 U+200D U+2640 U+FE0F,6631,U+1F3C3 U+200D U+2640 U+FE0F,ğŸƒâ€â™€ï¸,woman running,4.0,People & Body,person-activity,fully-qualified
ğŸ³,U+1F373,6602,U+1F373,ğŸ³,cooking,0.6,Food & Drink,food-prepared,fully-qualified
ğŸ˜Ÿ,U+1F61F,6564,U+1F61F,ğŸ˜Ÿ,worried face,1.0,Smileys & Emotion,face-concerned,fully-qualified
ğŸ“•,U+1F4D5,6524,U+1F4D5,ğŸ“•,closed book,0.6,Objects,book-paper,fully-qualified
ğŸ‡ªğŸ‡º,U+1F1EA U+1F1FA,6484,U+1F1EA U+1F1FA,ğŸ‡ªğŸ‡º,flag: European Union,2.0,Flags,country-flag,fully-qualified
ğŸ¥ˆ,U+1F948,6481,U+1F948,ğŸ¥ˆ,2nd place medal,3.0,Activities,award-medal,fully-qualified
ğŸ›ï¸,U+1F3DB U+FE0F,6463,U+1F3DB U+FE0F,ğŸ›ï¸,classical building,0.7,Travel & Places,place-building,fully-qualified
ğŸ™‹,U+1F64B,6462,U+1F64B,ğŸ™‹,person raising hand,0.6,People & Body,person-gesture,fully-qualified
ğŸ“‰,U+1F4C9,6435,U+1F4C9,ğŸ“‰,chart decreasing,0.6,Objects,office,fully-qualified
ğŸ‘£,U+1F463,6412,U+1F463,ğŸ‘£,footprints,0.6,People & Body,person-symbol,fully-qualified
ğŸ¤Œ,U+1F90C,6401,U+1F90C,ğŸ¤Œ,pinched fingers,13.0,People & Body,hand-fingers-partial,fully-qualified
ğŸ¥,U+1F950,6381,U+1F950,ğŸ¥,croissant,3.0,Food & Drink,food-prepared,fully-qualified
ğŸª½,U+1FABD,6377,U+1FABD,ğŸª½,wing,15.0,Animals & Nature,animal-bird,fully-qualified
ğŸŠ,U+1F34A,6373,U+1F34A,ğŸŠ,tangerine,0.6,Food & Drink,food-fruit,fully-qualified
ğŸ¦Š,U+1F98A,6367,U+1F98A,ğŸ¦Š,fox,3.0,Animals & Nature,animal-mammal,fully-qualified
ğŸ§±,U+1F9F1,6360,U+1F9F1,ğŸ§±,brick,11.0,Travel & Places,place-building,fully-qualified
ğŸŒ‘,U+1F311,6355,U+1F311,ğŸŒ‘,new moon,0.6,Travel & Places,sky & weather,fully-qualified
âœ‚ï¸,U+2702 U+FE0F,6354,U+2702 U+FE0F,âœ‚ï¸,scissors,0.6,Objects,office,fully-qualified
ğŸ•µï¸,U+1F575 U+FE0F,6343,U+1F575 U+FE0F,ğŸ•µï¸,detective,0.7,People & Body,person-role,fully-qualified
ğŸ§˜,U+1F9D8,6338,U+1F9D8,ğŸ§˜,person in lotus position,5.0,People & Body,person-resting,fully-qualified
ğŸ˜•,U+1F615,6315,U+1F615,ğŸ˜•,confused face,1.0,Smileys & Emotion,face-concerned,fully-qualified
ğŸ—ï¸,U+1F3D7 U+FE0F,6309,U+1F3D7 U+FE0F,ğŸ—ï¸,building construction,0.7,Travel & Places,place-building,fully-qualified
ğŸ›,U+1F41B,6286,U+1F41B,ğŸ›,bug,0.6,Animals & Nature,animal-bug,fully-qualified
ğŸ,U+1F40E,6253,U+1F40E,ğŸ,horse,0.6,Animals & Nature,animal-mammal,fully-qualified
ğŸˆâ€â¬›,U+1F408 U+200D U+2B1B,6222,U+1F408 U+200D U+2B1B,ğŸˆâ€â¬›,black cat,13.0,Animals & Nature,animal-mammal,fully-qualified
ğŸ’˜,U+1F498,6203,U+1F498,ğŸ’˜,heart with arrow,0.6,Smileys & Emotion,heart,fully-qualified
ğŸ´â€â˜ ï¸,U+1F3F4 U+200D U+2620 U+FE0F,6190,U+1F3F4 U+200D U+2620 U+FE0F,ğŸ´â€â˜ ï¸,pirate flag,11.0,Flags,flag,fully-qualified
ğŸ”¬,U+1F52C,6138,U+1F52C,ğŸ”¬,microscope,1.0,Objects,science,fully-qualified
ğŸ‘®,U+1F46E,6119,U+1F46E,ğŸ‘®,police officer,0.6,People & Body,person-role,fully-qualified
ğŸ˜’,U+1F612,6114,U+1F612,ğŸ˜’,unamused face,0.6,Smileys & Emotion,face-neutral-skeptical,fully-qualified
âŒš,U+231A,6113,U+231A,âŒš,watch,0.6,Travel & Places,time,fully-qualified
â™¥ï¸,U+2665 U+FE0F,6112,U+2665 U+FE0F,â™¥ï¸,heart suit,0.6,Activities,game,fully-qualified
ğŸ•·ï¸,U+1F577 U+FE0F,6090,U+1F577 U+FE0F,ğŸ•·ï¸,spider,0.7,Animals & Nature,animal-bug,fully-qualified
ğŸ‘¹,U+1F479,6069,U+1F479,ğŸ‘¹,ogre,0.6,Smileys & Emotion,face-costume,fully-qualified
ğŸ‡,U+1F407,6018,U+1F407,ğŸ‡,rabbit,1.0,Animals & Nature,animal-mammal,fully-qualified
ğŸŒ,U+1F34C,5929,U+1F34C,ğŸŒ,banana,0.6,Food & Drink,food-fruit,fully-qualified
ğŸ¸,U+1F438,5925,U+1F438,ğŸ¸,frog,0.6,Animals & Nature,animal-amphibian,fully-qualified
â˜˜ï¸,U+2618 U+FE0F,5914,U+2618 U+FE0F,â˜˜ï¸,shamrock,1.0,Animals & Nature,plant-other,fully-qualified
ğŸŒŒ,U+1F30C,5886,U+1F30C,ğŸŒŒ,milky way,0.6,Travel & Places,sky & weather,fully-qualified
â•,U+2795,5864,U+2795,â•,plus,0.6,Symbols,math,fully-qualified
4ï¸âƒ£,U+0034 U+FE0F U+20E3,5843,U+0034 U+FE0F U+20E3,4ï¸âƒ£,keycap: 4,0.6,Symbols,keycap,fully-qualified
ğŸŸ©,U+1F7E9,5828,U+1F7E9,ğŸŸ©,green square,12.0,Symbols,geometric,fully-qualified
ğŸ‰,U+1F349,5827,U+1F349,ğŸ‰,watermelon,0.6,Food & Drink,food-fruit,fully-qualified
ğŸ‡¹ğŸ‡·,U+1F1F9 U+1F1F7,5823,U+1F1F9 U+1F1F7,ğŸ‡¹ğŸ‡·,flag: TÃ¼rkiye,2.0,Flags,country-flag,fully-qualified
ğŸ¦·,U+1F9B7,5817,U+1F9B7,ğŸ¦·,tooth,11.0,People & Body,body-parts,fully-qualified
ğŸ¥¤,U+1F964,5815,U+1F964,ğŸ¥¤,cup with straw,5.0,Food & Drink,drink,fully-qualified
ğŸª¨,U+1FAA8,5802,U+1FAA8,ğŸª¨,rock,13.0,Travel & Places,place-building,fully-qualified
ğŸ²,U+1F372,5783,U+1F372,ğŸ²,pot of food,0.6,Food & Drink,food-prepared,fully-qualified
ğŸ—‘ï¸,U+1F5D1 U+FE0F,5778,U+1F5D1 U+FE0F,ğŸ—‘ï¸,wastebasket,0.7,Objects,office,fully-qualified
ğŸ•¸ï¸,U+1F578 U+FE0F,5751,U+1F578 U+FE0F,ğŸ•¸ï¸,spider web,0.7,Animals & Nature,animal-bug,fully-qualified
ğŸ¤¦â€â™€ï¸,U+1F926 U+200D U+2640 U+FE0F,5716,U+1F926 U+200D U+2640 U+FE0F,ğŸ¤¦â€â™€ï¸,woman facepalming,4.0,People & Body,person-gesture,fully-qualified
ğŸ¥·,U+1F977,5707,U+1F977,ğŸ¥·,ninja,13.0,People & Body,person-role,fully-qualified
âœï¸,U+271D U+FE0F,5688,U+271D U+FE0F,âœï¸,latin cross,0.7,Symbols,religion,fully-qualified
ğŸ‡®ğŸ‡±,U+1F1EE U+1F1F1,5681,U+1F1EE U+1F1F1,ğŸ‡®ğŸ‡±,flag: Israel,2.0,Flags,country-flag,fully-qualified
ğŸ§¹,U+1F9F9,5665,U+1F9F9,ğŸ§¹,broom,11.0,Objects,household,fully-qualified
â‰ï¸,U+2049 U+FE0F,5663,U+2049 U+FE0F,â‰ï¸,exclamation question mark,0.6,Symbols,punctuation,fully-qualified
ğŸª¦,U+1FAA6,5642,U+1FAA6,ğŸª¦,headstone,13.0,Objects,other-object,fully-qualified
ğŸ’£,U+1F4A3,5636,U+1F4A3,ğŸ’£,bomb,0.6,Objects,tool,fully-qualified
ğŸ—’ï¸,U+1F5D2 U+FE0F,5634,U+1F5D2 U+FE0F,ğŸ—’ï¸,spiral notepad,0.7,Objects,office,fully-qualified
ğŸ¥ª,U+1F96A,5598,U+1F96A,ğŸ¥ª,sandwich,5.0,Food & Drink,food-prepared,fully-qualified
ğŸšª,U+1F6AA,5598,U+1F6AA,ğŸšª,door,0.6,Objects,household,fully-qualified
ğŸŒ•,U+1F315,5585,U+1F315,ğŸŒ•,full moon,0.6,Travel & Places,sky & weather,fully-qualified
ğŸ‘ğŸ»,U+1F44D U+1F3FB,5584,U+1F44D U+1F3FB,ğŸ‘ğŸ»,thumbs up: light skin tone,1.0,People & Body,hand-fingers-closed,fully-qualified
ğŸ¥,U+1F3E5,5583,U+1F3E5,ğŸ¥,hospital,0.6,Travel & Places,place-building,fully-qualified
ğŸ“»,U+1F4FB,5579,U+1F4FB,ğŸ“»,radio,0.6,Objects,music,fully-qualified
ğŸ“©,U+1F4E9,5574,U+1F4E9,ğŸ“©,envelope with arrow,0.6,Objects,mail,fully-qualified
â˜¹ï¸,U+2639 U+FE0F,5569,U+2639 U+FE0F,â˜¹ï¸,frowning face,0.7,Smileys & Emotion,face-concerned,fully-qualified
ğŸ§©,U+1F9E9,5558,U+1F9E9,ğŸ§©,puzzle piece,11.0,Activities,game,fully-qualified
ğŸ”„,U+1F504,5555,U+1F504,ğŸ”„,counterclockwise arrows button,1.0,Symbols,arrow,fully-qualified
ğŸ’,U+1F412,5544,U+1F412,ğŸ’,monkey,0.6,Animals & Nature,animal-mammal,fully-qualified
ğŸ¦„,U+1F984,5533,U+1F984,ğŸ¦„,unicorn,1.0,Animals & Nature,animal-mammal,fully-qualified
ğŸ”,U+1F414,5531,U+1F414,ğŸ”,chicken,0.6,Animals & Nature,animal-bird,fully-qualified
ğŸ’„,U+1F484,5528,U+1F484,ğŸ’„,lipstick,0.6,Objects,clothing,fully-qualified
ğŸª´,U+1FAB4,5512,U+1FAB4,ğŸª´,potted plant,13.0,Animals & Nature,plant-other,fully-qualified
ğŸ”,U+1F51E,5482,U+1F51E,ğŸ”,no one under eighteen,0.6,Symbols,warning,fully-qualified
ğŸ‡¨ğŸ‡­,U+1F1E8 U+1F1ED,5471,U+1F1E8 U+1F1ED,ğŸ‡¨ğŸ‡­,flag: Switzerland,2.0,Flags,country-flag,fully-qualified
âš“,U+2693,5468,U+2693,âš“,anchor,0.6,Travel & Places,transport-water,fully-qualified
ğŸ,U+1F3CF,5454,U+1F3CF,ğŸ,cricket game,1.0,Activities,sport,fully-qualified
ğŸ§¼,U+1F9FC,5439,U+1F9FC,ğŸ§¼,soap,11.0,Objects,household,fully-qualified
ğŸ’‰,U+1F489,5429,U+1F489,ğŸ’‰,syringe,0.6,Objects,medical,fully-qualified
ğŸ¥‰,U+1F949,5425,U+1F949,ğŸ¥‰,3rd place medal,3.0,Activities,award-medal,fully-qualified
ğŸ¥´,U+1F974,5423,U+1F974,ğŸ¥´,woozy face,11.0,Smileys & Emotion,face-unwell,fully-qualified
ğŸ”“,U+1F513,5420,U+1F513,ğŸ”“,unlocked,0.6,Objects,lock,fully-qualified
ğŸ¦†,U+1F986,5416,U+1F986,ğŸ¦†,duck,3.0,Animals & Nature,animal-bird,fully-qualified
ğŸ§³,U+1F9F3,5408,U+1F9F3,ğŸ§³,luggage,11.0,Travel & Places,hotel,fully-qualified
ğŸ‘†,U+1F446,5390,U+1F446,ğŸ‘†,backhand index pointing up,0.6,People & Body,hand-single-finger,fully-qualified
ğŸ,U+1F35D,5372,U+1F35D,ğŸ,spaghetti,0.6,Food & Drink,food-asian,fully-qualified
ğŸ«¨,U+1FAE8,5350,U+1FAE8,ğŸ«¨,shaking face,15.0,Smileys & Emotion,face-neutral-skeptical,fully-qualified
ğŸ§¿,U+1F9FF,5324,U+1F9FF,ğŸ§¿,nazar amulet,11.0,Objects,other-object,fully-qualified
âœ‹,U+270B,5318,U+270B,âœ‹,raised hand,0.6,People & Body,hand-fingers-open,fully-qualified
ğŸª,U+1F3AA,5308,U+1F3AA,ğŸª,circus tent,0.6,Travel & Places,place-other,fully-qualified
ğŸ›«,U+1F6EB,5301,U+1F6EB,ğŸ›«,airplane departure,1.0,Travel & Places,transport-air,fully-qualified
ğŸ‡¸ğŸ‡ª,U+1F1F8 U+1F1EA,5293,U+1F1F8 U+1F1EA,ğŸ‡¸ğŸ‡ª,flag: Sweden,2.0,Flags,country-flag,fully-qualified
ğŸ‹ï¸,U+1F3CB U+FE0F,5286,U+1F3CB U+FE0F,ğŸ‹ï¸,person lifting weights,0.7,People & Body,person-sport,fully-qualified
ğŸ˜°,U+1F630,5272,U+1F630,ğŸ˜°,anxious face with sweat,0.6,Smileys & Emotion,face-concerned,fully-qualified
ğŸ˜¥,U+1F625,5272,U+1F625,ğŸ˜¥,sad but relieved face,0.6,Smileys & Emotion,face-concerned,fully-qualified
ğŸ–±ï¸,U+1F5B1 U+FE0F,5272,U+1F5B1 U+FE0F,ğŸ–±ï¸,computer mouse,0.7,Objects,computer,fully-qualified
ğŸ‘‚,U+1F442,5271,U+1F442,ğŸ‘‚,ear,0.6,People & Body,body-parts,fully-qualified
ğŸ¥•,U+1F955,5247,U+1F955,ğŸ¥•,carrot,3.0,Food & Drink,food-vegetable,fully-qualified
ğŸ¦´,U+1F9B4,5239,U+1F9B4,ğŸ¦´,bone,11.0,People & Body,body-parts,fully-qualified
ğŸ˜«,U+1F62B,5219,U+1F62B,ğŸ˜«,tired face,0.6,Smileys & Emotion,face-concerned,fully-qualified
ğŸ¥©,U+1F969,5205,U+1F969,ğŸ¥©,cut of meat,5.0,Food & Drink,food-prepared,fully-qualified
ğŸŒ…,U+1F305,5176,U+1F305,ğŸŒ…,sunrise,0.6,Travel & Places,place-other,fully-qualified
ğŸŸ¨,U+1F7E8,5138,U+1F7E8,ğŸŸ¨,yellow square,12.0,Symbols,geometric,fully-qualified
ğŸ©º,U+1FA7A,5097,U+1FA7A,ğŸ©º,stethoscope,12.0,Objects,medical,fully-qualified
ğŸ“˜,U+1F4D8,5089,U+1F4D8,ğŸ“˜,blue book,0.6,Objects,book-paper,fully-qualified
ğŸ—,U+1F357,5081,U+1F357,ğŸ—,poultry leg,0.6,Food & Drink,food-prepared,fully-qualified
ğŸ’“,U+1F493,5076,U+1F493,ğŸ’“,beating heart,0.6,Smileys & Emotion,heart,fully-qualified
ğŸŒ€,U+1F300,5069,U+1F300,ğŸŒ€,cyclone,0.6,Travel & Places,sky & weather,fully-qualified
ğŸ«€,U+1FAC0,5065,U+1FAC0,ğŸ«€,anatomical heart,13.0,People & Body,body-parts,fully-qualified
â™¾ï¸,U+267E U+FE0F,5055,U+267E U+FE0F,â™¾ï¸,infinity,11.0,Symbols,math,fully-qualified
ğŸŸ,U+1F35F,5054,U+1F35F,ğŸŸ,french fries,0.6,Food & Drink,food-prepared,fully-qualified
ğŸš¶,U+1F6B6,5027,U+1F6B6,ğŸš¶,person walking,0.6,People & Body,person-activity,fully-qualified
ğŸ…ğŸ»,U+1F385 U+1F3FB,5027,U+1F385 U+1F3FB,ğŸ…ğŸ»,Santa Claus: light skin tone,1.0,People & Body,person-fantasy,fully-qualified
ğŸ°,U+1F3B0,5019,U+1F3B0,ğŸ°,slot machine,0.6,Activities,game,fully-qualified
ğŸ‡·ğŸ‡º,U+1F1F7 U+1F1FA,5019,U+1F1F7 U+1F1FA,ğŸ‡·ğŸ‡º,flag: Russia,0.6,Flags,country-flag,fully-qualified
ğŸŒ,U+1F30F,5017,U+1F30F,ğŸŒ,globe showing Asia-Australia,0.6,Travel & Places,place-map,fully-qualified
ğŸª–,U+1FA96,5009,U+1FA96,ğŸª–,military helmet,13.0,Objects,clothing,fully-qualified
ğŸ’²,U+1F4B2,5007,U+1F4B2,ğŸ’²,heavy dollar sign,0.6,Symbols,currency,fully-qualified
ğŸ‘ª,U+1F46A,4988,U+1F46A,ğŸ‘ª,family,0.6,People & Body,person-symbol,fully-qualified
ğŸ‘—,U+1F457,4973,U+1F457,ğŸ‘—,dress,0.6,Objects,clothing,fully-qualified
ğŸª,U+1FA90,4949,U+1FA90,ğŸª,ringed planet,12.0,Travel & Places,sky & weather,fully-qualified
ğŸ¥ƒ,U+1F943,4918,U+1F943,ğŸ¥ƒ,tumbler glass,3.0,Food & Drink,drink,fully-qualified
ğŸ•’,U+1F552,4900,U+1F552,ğŸ•’,three oâ€™clock,0.6,Travel & Places,time,fully-qualified
ğŸ™ğŸ»,U+1F64F U+1F3FB,4899,U+1F64F U+1F3FB,ğŸ™ğŸ»,folded hands: light skin tone,1.0,People & Body,hands,fully-qualified
ğŸ‘,U+1F411,4898,U+1F411,ğŸ‘,ewe,0.6,Animals & Nature,animal-mammal,fully-qualified
ğŸ“,U+1F4C1,4877,U+1F4C1,ğŸ“,file folder,0.6,Objects,office,fully-qualified
ğŸ§Ÿ,U+1F9DF,4844,U+1F9DF,ğŸ§Ÿ,zombie,5.0,People & Body,person-fantasy,fully-qualified
ğŸ«¢,U+1FAE2,4829,U+1FAE2,ğŸ«¢,face with open eyes and hand over mouth,14.0,Smileys & Emotion,face-hand,fully-qualified
ğŸ·,U+1F437,4825,U+1F437,ğŸ·,pig face,0.6,Animals & Nature,animal-mammal,fully-qualified
ğŸ‡²ğŸ‡½,U+1F1F2 U+1F1FD,4816,U+1F1F2 U+1F1FD,ğŸ‡²ğŸ‡½,flag: Mexico,2.0,Flags,country-flag,fully-qualified
ğŸ–‹ï¸,U+1F58B U+FE0F,4808,U+1F58B U+FE0F,ğŸ–‹ï¸,fountain pen,0.7,Objects,writing,fully-qualified
ğŸ•°ï¸,U+1F570 U+FE0F,4800,U+1F570 U+FE0F,ğŸ•°ï¸,mantelpiece clock,0.7,Travel & Places,time,fully-qualified
ğŸ‡¦ğŸ‡ª,U+1F1E6 U+1F1EA,4795,U+1F1E6 U+1F1EA,ğŸ‡¦ğŸ‡ª,flag: United Arab Emirates,2.0,Flags,country-flag,fully-qualified
ğŸ˜¼,U+1F63C,4792,U+1F63C,ğŸ˜¼,cat with wry smile,0.6,Smileys & Emotion,cat-face,fully-qualified
ğŸ§­,U+1F9ED,4779,U+1F9ED,ğŸ§­,compass,11.0,Travel & Places,place-map,fully-qualified
ğŸ¥¾,U+1F97E,4775,U+1F97E,ğŸ¥¾,hiking boot,11.0,Objects,clothing,fully-qualified
ğŸŸ¦,U+1F7E6,4771,U+1F7E6,ğŸŸ¦,blue square,12.0,Symbols,geometric,fully-qualified
â™€ï¸,U+2640 U+FE0F,4763,U+2640 U+FE0F,â™€ï¸,female sign,4.0,Symbols,gender,fully-qualified
ğŸ¨,U+1F3E8,4757,U+1F3E8,ğŸ¨,hotel,0.6,Travel & Places,place-building,fully-qualified
ğŸ£,U+1F3A3,4745,U+1F3A3,ğŸ£,fishing pole,0.6,Activities,sport,fully-qualified
ğŸ,U+1F34F,4745,U+1F34F,ğŸ,green apple,0.6,Food & Drink,food-fruit,fully-qualified
ğŸ˜º,U+1F63A,4739,U+1F63A,ğŸ˜º,grinning cat,0.6,Smileys & Emotion,cat-face,fully-qualified
ğŸ¹,U+1F3B9,4724,U+1F3B9,ğŸ¹,musical keyboard,0.6,Objects,musical-instrument,fully-qualified
ğŸ¦‰,U+1F989,4722,U+1F989,ğŸ¦‰,owl,3.0,Animals & Nature,animal-bird,fully-qualified
ğŸ‘¤,U+1F464,4688,U+1F464,ğŸ‘¤,bust in silhouette,0.6,People & Body,person-symbol,fully-qualified
ğŸª·,U+1FAB7,4679,U+1FAB7,ğŸª·,lotus,14.0,Animals & Nature,plant-flower,fully-qualified
â„¢ï¸,U+2122 U+FE0F,4674,U+2122 U+FE0F,â„¢ï¸,trade mark,0.6,Symbols,other-symbol,fully-qualified
ğŸ”,U+1F510,4670,U+1F510,ğŸ”,locked with key,0.6,Objects,lock,fully-qualified
ğŸ¤·â€â™€ï¸,U+1F937 U+200D U+2640 U+FE0F,4627,U+1F937 U+200D U+2640 U+FE0F,ğŸ¤·â€â™€ï¸,woman shrugging,4.0,People & Body,person-gesture,fully-qualified
ğŸ€,U+1F3C0,4623,U+1F3C0,ğŸ€,basketball,0.6,Activities,sport,fully-qualified
ğŸ§‘â€ğŸ’»,U+1F9D1 U+200D U+1F4BB,4619,U+1F9D1 U+200D U+1F4BB,ğŸ§‘â€ğŸ’»,technologist,12.1,People & Body,person-role,fully-qualified
5ï¸âƒ£,U+0035 U+FE0F U+20E3,4612,U+0035 U+FE0F U+20E3,5ï¸âƒ£,keycap: 5,0.6,Symbols,keycap,fully-qualified
ğŸ¦ˆ,U+1F988,4606,U+1F988,ğŸ¦ˆ,shark,3.0,Animals & Nature,animal-marine,fully-qualified
ğŸ•¹ï¸,U+1F579 U+FE0F,4581,U+1F579 U+FE0F,ğŸ•¹ï¸,joystick,0.7,Activities,game,fully-qualified
ğŸ”œ,U+1F51C,4578,U+1F51C,ğŸ”œ,SOON arrow,0.6,Symbols,arrow,fully-qualified
ğŸ¥—,U+1F957,4575,U+1F957,ğŸ¥—,green salad,3.0,Food & Drink,food-prepared,fully-qualified
ğŸ‡°ğŸ‡·,U+1F1F0 U+1F1F7,4573,U+1F1F0 U+1F1F7,ğŸ‡°ğŸ‡·,flag: South Korea,0.6,Flags,country-flag,fully-qualified
ğŸš,U+1F41A,4545,U+1F41A,ğŸš,spiral shell,0.6,Animals & Nature,animal-marine,fully-qualified
ğŸ’,U+1F392,4517,U+1F392,ğŸ’,backpack,0.6,Objects,clothing,fully-qualified
ğŸ‡,U+1F387,4502,U+1F387,ğŸ‡,sparkler,0.6,Activities,event,fully-qualified
ğŸ©,U+1F369,4493,U+1F369,ğŸ©,doughnut,0.6,Food & Drink,food-sweet,fully-qualified
â²ï¸,U+23F2 U+FE0F,4483,U+23F2 U+FE0F,â²ï¸,timer clock,1.0,Travel & Places,time,fully-qualified
âš’ï¸,U+2692 U+FE0F,4476,U+2692 U+FE0F,âš’ï¸,hammer and pick,1.0,Objects,tool,fully-qualified
ğŸ‡§ğŸ‡ª,U+1F1E7 U+1F1EA,4465,U+1F1E7 U+1F1EA,ğŸ‡§ğŸ‡ª,flag: Belgium,2.0,Flags,country-flag,fully-qualified
ğŸ™ï¸,U+1F3D9 U+FE0F,4459,U+1F3D9 U+FE0F,ğŸ™ï¸,cityscape,0.7,Travel & Places,place-other,fully-qualified
ğŸ”Œ,U+1F50C,4434,U+1F50C,ğŸ”Œ,electric plug,0.6,Objects,computer,fully-qualified
ğŸ–ï¸,U+1F396 U+FE0F,4412,U+1F396 U+FE0F,ğŸ–ï¸,military medal,0.7,Activities,award-medal,fully-qualified
ğŸ¥,U+1F95E,4407,U+1F95E,ğŸ¥,pancakes,3.0,Food & Drink,food-prepared,fully-qualified
ğŸœ,U+1F35C,4405,U+1F35C,ğŸœ,steaming bowl,0.6,Food & Drink,food-asian,fully-qualified
ğŸ’¿,U+1F4BF,4386,U+1F4BF,ğŸ’¿,optical disk,0.6,Objects,computer,fully-qualified
ğŸ©°,U+1FA70,4384,U+1FA70,ğŸ©°,ballet shoes,12.0,Objects,clothing,fully-qualified
ğŸ¢,U+1F422,4381,U+1F422,ğŸ¢,turtle,0.6,Animals & Nature,animal-reptile,fully-qualified
ğŸ‘‡ğŸ¼,U+1F447 U+1F3FC,4372,U+1F447 U+1F3FC,ğŸ‘‡ğŸ¼,backhand index pointing down: medium-light skin tone,1.0,People & Body,hand-single-finger,fully-qualified
ğŸ¥§,U+1F967,4341,U+1F967,ğŸ¥§,pie,5.0,Food & Drink,food-sweet,fully-qualified
ğŸ„,U+1F404,4341,U+1F404,ğŸ„,cow,1.0,Animals & Nature,animal-mammal,fully-qualified
ğŸƒ,U+1F0CF,4338,U+1F0CF,ğŸƒ,joker,0.6,Activities,game,fully-qualified
ğŸ©¶,U+1FA76,4334,U+1FA76,ğŸ©¶,grey heart,15.0,Smileys & Emotion,heart,fully-qualified
ğŸ…,U+1F345,4325,U+1F345,ğŸ…,tomato,0.6,Food & Drink,food-fruit,fully-qualified
ğŸ,U+1F35E,4311,U+1F35E,ğŸ,bread,0.6,Food & Drink,food-prepared,fully-qualified
ğŸ©,U+1F3A9,4299,U+1F3A9,ğŸ©,top hat,0.6,Objects,clothing,fully-qualified
ğŸªµ,U+1FAB5,4293,U+1FAB5,ğŸªµ,wood,13.0,Travel & Places,place-building,fully-qualified
ğŸ™,U+1F641,4281,U+1F641,ğŸ™,slightly frowning face,1.0,Smileys & Emotion,face-concerned,fully-qualified
ğŸŸï¸,U+1F3DF U+FE0F,4278,U+1F3DF U+FE0F,ğŸŸï¸,stadium,0.7,Travel & Places,place-building,fully-qualified
ğŸ‡,U+1F3C7,4273,U+1F3C7,ğŸ‡,horse racing,1.0,People & Body,person-sport,fully-qualified
ğŸ›‹ï¸,U+1F6CB U+FE0F,4264,U+1F6CB U+FE0F,ğŸ›‹ï¸,couch and lamp,0.7,Objects,household,fully-qualified
ğŸ¤³,U+1F933,4260,U+1F933,ğŸ¤³,selfie,3.0,People & Body,hand-prop,fully-qualified
ğŸ˜»,U+1F63B,4255,U+1F63B,ğŸ˜»,smiling cat with heart-eyes,0.6,Smileys & Emotion,cat-face,fully-qualified
âœŠ,U+270A,4229,U+270A,âœŠ,raised fist,0.6,People & Body,hand-fingers-closed,fully-qualified
ğŸµ,U+1F375,4212,U+1F375,ğŸµ,teacup without handle,0.6,Food & Drink,drink,fully-qualified
ğŸ¤·â€â™‚ï¸,U+1F937 U+200D U+2642 U+FE0F,4192,U+1F937 U+200D U+2642 U+FE0F,ğŸ¤·â€â™‚ï¸,man shrugging,4.0,People & Body,person-gesture,fully-qualified
ğŸ¯,U+1F36F,4188,U+1F36F,ğŸ¯,honey pot,0.6,Food & Drink,food-sweet,fully-qualified
â¬›,U+2B1B,4184,U+2B1B,â¬›,black large square,0.6,Symbols,geometric,fully-qualified
ğŸ‡,U+1F347,4178,U+1F347,ğŸ‡,grapes,0.6,Food & Drink,food-fruit,fully-qualified
â›„,U+26C4,4171,U+26C4,â›„,snowman without snow,0.6,Travel & Places,sky & weather,fully-qualified
ğŸ˜–,U+1F616,4167,U+1F616,ğŸ˜–,confounded face,0.6,Smileys & Emotion,face-concerned,fully-qualified
ğŸ«–,U+1FAD6,4160,U+1FAD6,ğŸ«–,teapot,13.0,Food & Drink,drink,fully-qualified
ğŸŒï¸,U+1F3CC U+FE0F,4148,U+1F3CC U+FE0F,ğŸŒï¸,person golfing,0.7,People & Body,person-sport,fully-qualified
â˜¢ï¸,U+2622 U+FE0F,4145,U+2622 U+FE0F,â˜¢ï¸,radioactive,1.0,Symbols,warning,fully-qualified
ğŸšœ,U+1F69C,4133,U+1F69C,ğŸšœ,tractor,1.0,Travel & Places,transport-ground,fully-qualified
ğŸ”,U+1F501,4129,U+1F501,ğŸ”,repeat button,1.0,Symbols,av-symbol,fully-qualified
ğŸš˜,U+1F698,4107,U+1F698,ğŸš˜,oncoming automobile,0.7,Travel & Places,transport-ground,fully-qualified
ğŸš¬,U+1F6AC,4095,U+1F6AC,ğŸš¬,cigarette,0.6,Objects,other-object,fully-qualified
â›µ,U+26F5,4082,U+26F5,â›µ,sailboat,0.6,Travel & Places,transport-water,fully-qualified
ğŸ—½,U+1F5FD,4076,U+1F5FD,ğŸ—½,Statue of Liberty,0.6,Travel & Places,place-building,fully-qualified
ğŸ“,U+1F4CE,4069,U+1F4CE,ğŸ“,paperclip,0.6,Objects,office,fully-qualified
ğŸ‘¨â€ğŸ³,U+1F468 U+200D U+1F373,4055,U+1F468 U+200D U+1F373,ğŸ‘¨â€ğŸ³,man cook,4.0,People & Body,person-role,fully-qualified
ğŸ§›,U+1F9DB,4053,U+1F9DB,ğŸ§›,vampire,5.0,People & Body,person-fantasy,fully-qualified
â˜”,U+2614,4049,U+2614,â˜”,umbrella with rain drops,0.6,Travel & Places,sky & weather,fully-qualified
ğŸ‡³ğŸ‡´,U+1F1F3 U+1F1F4,4048,U+1F1F3 U+1F1F4,ğŸ‡³ğŸ‡´,flag: Norway,2.0,Flags,country-flag,fully-qualified
ğŸ‡©ğŸ‡°,U+1F1E9 U+1F1F0,4045,U+1F1E9 U+1F1F0,ğŸ‡©ğŸ‡°,flag: Denmark,2.0,Flags,country-flag,fully-qualified
ğŸ˜,U+1F418,4038,U+1F418,ğŸ˜,elephant,0.6,Animals & Nature,animal-mammal,fully-qualified
ğŸ·ï¸,U+1F3F7 U+FE0F,4032,U+1F3F7 U+FE0F,ğŸ·ï¸,label,0.7,Objects,book-paper,fully-qualified
ğŸ§¶,U+1F9F6,4016,U+1F9F6,ğŸ§¶,yarn,11.0,Activities,arts & crafts,fully-qualified
ğŸ¦¸,U+1F9B8,4002,U+1F9B8,ğŸ¦¸,superhero,11.0,People & Body,person-fantasy,fully-qualified
ğŸš´,U+1F6B4,4002,U+1F6B4,ğŸš´,person biking,1.0,People & Body,person-sport,fully-qualified
ğŸ—¨ï¸,U+1F5E8 U+FE0F,3999,U+1F5E8 U+FE0F,ğŸ—¨ï¸,left speech bubble,2.0,Smileys & Emotion,emotion,fully-qualified
ğŸ‡µğŸ‡°,U+1F1F5 U+1F1F0,3997,U+1F1F5 U+1F1F0,ğŸ‡µğŸ‡°,flag: Pakistan,2.0,Flags,country-flag,fully-qualified
ğŸ¤,U+1F910,3990,U+1F910,ğŸ¤,zipper-mouth face,1.0,Smileys & Emotion,face-neutral-skeptical,fully-qualified
ğŸ§‘â€ğŸ¤â€ğŸ§‘,U+1F9D1 U+200D U+1F91D U+200D U+1F9D1,3969,U+1F9D1 U+200D U+1F91D U+200D U+1F9D1,ğŸ§‘â€ğŸ¤â€ğŸ§‘,people holding hands,12.0,People & Body,family,fully-qualified
ğŸ¥›,U+1F95B,3960,U+1F95B,ğŸ¥›,glass of milk,3.0,Food & Drink,drink,fully-qualified
ğŸ§,U+1F427,3928,U+1F427,ğŸ§,penguin,0.6,Animals & Nature,animal-bird,fully-qualified
â£ï¸,U+2763 U+FE0F,3928,U+2763 U+FE0F,â£ï¸,heart exclamation,1.0,Smileys & Emotion,heart,fully-qualified
ğŸ˜“,U+1F613,3901,U+1F613,ğŸ˜“,downcast face with sweat,0.6,Smileys & Emotion,face-concerned,fully-qualified
ğŸ‡¿ğŸ‡¦,U+1F1FF U+1F1E6,3854,U+1F1FF U+1F1E6,ğŸ‡¿ğŸ‡¦,flag: South Africa,2.0,Flags,country-flag,fully-qualified
ğŸ‘¨,U+1F468,3843,U+1F468,ğŸ‘¨,man,0.6,People & Body,person,fully-qualified
ğŸ”¸,U+1F538,3838,U+1F538,ğŸ”¸,small orange diamond,0.6,Symbols,geometric,fully-qualified
ğŸ¦,U+1F3E6,3815,U+1F3E6,ğŸ¦,bank,0.6,Travel & Places,place-building,fully-qualified
ğŸ¹,U+1F3F9,3813,U+1F3F9,ğŸ¹,bow and arrow,1.0,Objects,tool,fully-qualified
ğŸˆ,U+1F3C8,3810,U+1F3C8,ğŸˆ,american football,0.6,Activities,sport,fully-qualified
ğŸï¸,U+1F3DE U+FE0F,3802,U+1F3DE U+FE0F,ğŸï¸,national park,0.7,Travel & Places,place-geographic,fully-qualified
ğŸ‘©,U+1F469,3769,U+1F469,ğŸ‘©,woman,0.6,People & Body,person,fully-qualified
ğŸ¢,U+1F3A2,3769,U+1F3A2,ğŸ¢,roller coaster,0.6,Travel & Places,place-other,fully-qualified
ğŸ’’,U+1F492,3752,U+1F492,ğŸ’’,wedding,0.6,Travel & Places,place-building,fully-qualified
ğŸ‘‡ğŸ»,U+1F447 U+1F3FB,3752,U+1F447 U+1F3FB,ğŸ‘‡ğŸ»,backhand index pointing down: light skin tone,1.0,People & Body,hand-single-finger,fully-qualified
ğŸ¦ ,U+1F9A0,3731,U+1F9A0,ğŸ¦ ,microbe,11.0,Animals & Nature,animal-bug,fully-qualified
â–ªï¸,U+25AA U+FE0F,3726,U+25AA U+FE0F,â–ªï¸,black small square,0.6,Symbols,geometric,fully-qualified
ğŸ€,U+1F400,3723,U+1F400,ğŸ€,rat,1.0,Animals & Nature,animal-mammal,fully-qualified
ğŸš½,U+1F6BD,3697,U+1F6BD,ğŸš½,toilet,0.6,Objects,household,fully-qualified
ğŸƒâ€â™‚ï¸,U+1F3C3 U+200D U+2642 U+FE0F,3687,U+1F3C3 U+200D U+2642 U+FE0F,ğŸƒâ€â™‚ï¸,man running,4.0,People & Body,person-activity,fully-qualified
ğŸª,U+1FA9E,3678,U+1FA9E,ğŸª,mirror,13.0,Objects,household,fully-qualified
ğŸ¥˜,U+1F958,3676,U+1F958,ğŸ¥˜,shallow pan of food,3.0,Food & Drink,food-prepared,fully-qualified
ğŸŠ,U+1F3CA,3673,U+1F3CA,ğŸŠ,person swimming,0.6,People & Body,person-sport,fully-qualified
ğŸ“¨,U+1F4E8,3663,U+1F4E8,ğŸ“¨,incoming envelope,0.6,Objects,mail,fully-qualified
â›ï¸,U+26CF U+FE0F,3659,U+26CF U+FE0F,â›ï¸,pick,0.7,Objects,tool,fully-qualified
ğŸ¦â€â¬›,U+1F426 U+200D U+2B1B,3652,U+1F426 U+200D U+2B1B,ğŸ¦â€â¬›,black bird,15.0,Animals & Nature,animal-bird,fully-qualified
ğŸ‘‹ğŸ»,U+1F44B U+1F3FB,3648,U+1F44B U+1F3FB,ğŸ‘‹ğŸ»,waving hand: light skin tone,1.0,People & Body,hand-fingers-open,fully-qualified
ğŸ›œ,U+1F6DC,3617,U+1F6DC,ğŸ›œ,wireless,15.0,Symbols,av-symbol,fully-qualified
ğŸ¼,U+1F37C,3616,U+1F37C,ğŸ¼,baby bottle,1.0,Food & Drink,drink,fully-qualified
ğŸ“,U+1F4CF,3607,U+1F4CF,ğŸ“,straight ruler,0.6,Objects,office,fully-qualified
ğŸŒƒ,U+1F303,3607,U+1F303,ğŸŒƒ,night with stars,0.6,Travel & Places,place-other,fully-qualified
ğŸ›¬,U+1F6EC,3598,U+1F6EC,ğŸ›¬,airplane arrival,1.0,Travel & Places,transport-air,fully-qualified
â­•,U+2B55,3596,U+2B55,â­•,hollow red circle,0.6,Symbols,other-symbol,fully-qualified
ğŸ´,U+1F434,3589,U+1F434,ğŸ´,horse face,0.6,Animals & Nature,animal-mammal,fully-qualified
ğŸŒ¾,U+1F33E,3588,U+1F33E,ğŸŒ¾,sheaf of rice,0.6,Animals & Nature,plant-other,fully-qualified
ğŸ™ğŸ¼,U+1F64F U+1F3FC,3558,U+1F64F U+1F3FC,ğŸ™ğŸ¼,folded hands: medium-light skin tone,1.0,People & Body,hands,fully-qualified
ğŸŒ¡ï¸,U+1F321 U+FE0F,3542,U+1F321 U+FE0F,ğŸŒ¡ï¸,thermometer,0.7,Travel & Places,sky & weather,fully-qualified
ğŸ§º,U+1F9FA,3532,U+1F9FA,ğŸ§º,basket,11.0,Objects,household,fully-qualified
ğŸ­,U+1F36D,3511,U+1F36D,ğŸ­,lollipop,0.6,Food & Drink,food-sweet,fully-qualified
ğŸ˜µ,U+1F635,3493,U+1F635,ğŸ˜µ,face with crossed-out eyes,0.6,Smileys & Emotion,face-unwell,fully-qualified
ğŸ«°,U+1FAF0,3489,U+1FAF0,ğŸ«°,hand with index finger and thumb crossed,14.0,People & Body,hand-fingers-partial,fully-qualified
ğŸª‘,U+1FA91,3487,U+1FA91,ğŸª‘,chair,12.0,Objects,household,fully-qualified
ğŸª»,U+1FABB,3484,U+1FABB,ğŸª»,hyacinth,15.0,Animals & Nature,plant-flower,fully-qualified
ğŸ¥”,U+1F954,3475,U+1F954,ğŸ¥”,potato,3.0,Food & Drink,food-vegetable,fully-qualified
ğŸ”,U+1F51D,3474,U+1F51D,ğŸ”,TOP arrow,0.6,Symbols,arrow,fully-qualified
ğŸ‡¹ğŸ‡­,U+1F1F9 U+1F1ED,3474,U+1F1F9 U+1F1ED,ğŸ‡¹ğŸ‡­,flag: Thailand,2.0,Flags,country-flag,fully-qualified
ğŸ‡¯ğŸ‡²,U+1F1EF U+1F1F2,3474,U+1F1EF U+1F1F2,ğŸ‡¯ğŸ‡²,flag: Jamaica,2.0,Flags,country-flag,fully-qualified
â›“ï¸,U+26D3 U+FE0F,3461,U+26D3 U+FE0F,â›“ï¸,chains,0.7,Objects,tool,fully-qualified
ğŸš‘,U+1F691,3460,U+1F691,ğŸš‘,ambulance,0.6,Travel & Places,transport-ground,fully-qualified
ğŸ“ƒ,U+1F4C3,3456,U+1F4C3,ğŸ“ƒ,page with curl,0.6,Objects,book-paper,fully-qualified
ğŸ‘ğŸ»,U+1F44F U+1F3FB,3455,U+1F44F U+1F3FB,ğŸ‘ğŸ»,clapping hands: light skin tone,1.0,People & Body,hands,fully-qualified
âœ–ï¸,U+2716 U+FE0F,3444,U+2716 U+FE0F,âœ–ï¸,multiply,0.6,Symbols,math,fully-qualified
ğŸ§˜â€â™€ï¸,U+1F9D8 U+200D U+2640 U+FE0F,3437,U+1F9D8 U+200D U+2640 U+FE0F,ğŸ§˜â€â™€ï¸,woman in lotus position,5.0,People & Body,person-resting,fully-qualified
ğŸ‘„,U+1F444,3436,U+1F444,ğŸ‘„,mouth,0.6,People & Body,body-parts,fully-qualified
ğŸ›¥ï¸,U+1F6E5 U+FE0F,3435,U+1F6E5 U+FE0F,ğŸ›¥ï¸,motor boat,0.7,Travel & Places,transport-water,fully-qualified
ğŸ»,U+1F3BB,3435,U+1F3BB,ğŸ»,violin,0.6,Objects,musical-instrument,fully-qualified
ğŸ«,U+1FAD0,3430,U+1FAD0,ğŸ«,blueberries,13.0,Food & Drink,food-fruit,fully-qualified
ğŸ›¸,U+1F6F8,3425,U+1F6F8,ğŸ›¸,flying saucer,5.0,Travel & Places,transport-air,fully-qualified
â›ª,U+26EA,3417,U+26EA,â›ª,church,0.6,Travel & Places,place-religious,fully-qualified
ğŸ‘“,U+1F453,3384,U+1F453,ğŸ‘“,glasses,0.6,Objects,clothing,fully-qualified
â¬œ,U+2B1C,3371,U+2B1C,â¬œ,white large square,0.6,Symbols,geometric,fully-qualified
ğŸ§™,U+1F9D9,3369,U+1F9D9,ğŸ§™,mage,5.0,People & Body,person-fantasy,fully-qualified
ğŸ«ƒ,U+1FAC3,3362,U+1FAC3,ğŸ«ƒ,pregnant man,14.0,People & Body,person-role,fully-qualified
ğŸ˜¹,U+1F639,3358,U+1F639,ğŸ˜¹,cat with tears of joy,0.6,Smileys & Emotion,cat-face,fully-qualified
ğŸ«¶ğŸ½,U+1FAF6 U+1F3FD,3349,U+1FAF6 U+1F3FD,ğŸ«¶ğŸ½,heart hands: medium skin tone,14.0,People & Body,hands,fully-qualified
ğŸ¥¸,U+1F978,3343,U+1F978,ğŸ¥¸,disguised face,13.0,Smileys & Emotion,face-hat,fully-qualified
ğŸŒ“,U+1F313,3339,U+1F313,ğŸŒ“,first quarter moon,0.6,Travel & Places,sky & weather,fully-qualified
ğŸŸ§,U+1F7E7,3333,U+1F7E7,ğŸŸ§,orange square,12.0,Symbols,geometric,fully-qualified
ğŸª¡,U+1FAA1,3320,U+1FAA1,ğŸª¡,sewing needle,13.0,Activities,arts & crafts,fully-qualified
ğŸ™‚â€â†”ï¸,U+1F642 U+200D U+2194 U+FE0F,3318,U+1F642 U+200D U+2194 U+FE0F,ğŸ™‚â€â†”ï¸,head shaking horizontally,15.1,Smileys & Emotion,face-neutral-skeptical,fully-qualified
ğŸ•ï¸,U+1F3D5 U+FE0F,3312,U+1F3D5 U+FE0F,ğŸ•ï¸,camping,0.7,Travel & Places,place-geographic,fully-qualified
ğŸ˜‘,U+1F611,3302,U+1F611,ğŸ˜‘,expressionless face,1.0,Smileys & Emotion,face-neutral-skeptical,fully-qualified
âš°ï¸,U+26B0 U+FE0F,3302,U+26B0 U+FE0F,âš°ï¸,coffin,1.0,Objects,other-object,fully-qualified
ğŸ‡²ğŸ‡¦,U+1F1F2 U+1F1E6,3301,U+1F1F2 U+1F1E6,ğŸ‡²ğŸ‡¦,flag: Morocco,2.0,Flags,country-flag,fully-qualified
ğŸ›£ï¸,U+1F6E3 U+FE0F,3297,U+1F6E3 U+FE0F,ğŸ›£ï¸,motorway,0.7,Travel & Places,transport-ground,fully-qualified
ğŸ¼,U+1F43C,3297,U+1F43C,ğŸ¼,panda,0.6,Animals & Nature,animal-mammal,fully-qualified
ğŸ¤•,U+1F915,3282,U+1F915,ğŸ¤•,face with head-bandage,1.0,Smileys & Emotion,face-unwell,fully-qualified
ğŸº,U+1F3BA,3281,U+1F3BA,ğŸº,trumpet,0.6,Objects,musical-instrument,fully-qualified
ğŸï¸,U+1F3CD U+FE0F,3277,U+1F3CD U+FE0F,ğŸï¸,motorcycle,0.7,Travel & Places,transport-ground,fully-qualified
â˜„ï¸,U+2604 U+FE0F,3270,U+2604 U+FE0F,â˜„ï¸,comet,1.0,Travel & Places,sky & weather,fully-qualified
ğŸ™ğŸ½,U+1F64F U+1F3FD,3269,U+1F64F U+1F3FD,ğŸ™ğŸ½,folded hands: medium skin tone,1.0,People & Body,hands,fully-qualified
ğŸ‡¦ğŸ‡¹,U+1F1E6 U+1F1F9,3269,U+1F1E6 U+1F1F9,ğŸ‡¦ğŸ‡¹,flag: Austria,2.0,Flags,country-flag,fully-qualified
ğŸ™,U+1F419,3264,U+1F419,ğŸ™,octopus,0.6,Animals & Nature,animal-marine,fully-qualified
ğŸ”¢,U+1F522,3258,U+1F522,ğŸ”¢,input numbers,0.6,Symbols,alphanum,fully-qualified
ğŸ—ï¸,U+1F5DD U+FE0F,3245,U+1F5DD U+FE0F,ğŸ—ï¸,old key,0.7,Objects,lock,fully-qualified
ğŸ¬,U+1F42C,3223,U+1F42C,ğŸ¬,dolphin,0.6,Animals & Nature,animal-marine,fully-qualified
ğŸ‘©â€ğŸ’»,U+1F469 U+200D U+1F4BB,3217,U+1F469 U+200D U+1F4BB,ğŸ‘©â€ğŸ’»,woman technologist,4.0,People & Body,person-role,fully-qualified
ğŸš¿,U+1F6BF,3200,U+1F6BF,ğŸš¿,shower,1.0,Objects,household,fully-qualified
ğŸŒ­,U+1F32D,3192,U+1F32D,ğŸŒ­,hot dog,1.0,Food & Drink,food-prepared,fully-qualified
ğŸª“,U+1FA93,3190,U+1FA93,ğŸª“,axe,12.0,Objects,tool,fully-qualified
ğŸ¦º,U+1F9BA,3190,U+1F9BA,ğŸ¦º,safety vest,12.0,Objects,clothing,fully-qualified
ğŸš¦,U+1F6A6,3181,U+1F6A6,ğŸš¦,vertical traffic light,1.0,Travel & Places,transport-ground,fully-qualified
ğŸ¥¥,U+1F965,3179,U+1F965,ğŸ¥¥,coconut,5.0,Food & Drink,food-fruit,fully-qualified
ğŸª¶,U+1FAB6,3178,U+1FAB6,ğŸª¶,feather,13.0,Animals & Nature,animal-bird,fully-qualified
ğŸ—ï¸,U+1F397 U+FE0F,3177,U+1F397 U+FE0F,ğŸ—ï¸,reminder ribbon,0.7,Activities,event,fully-qualified
ğŸ¦¢,U+1F9A2,3176,U+1F9A2,ğŸ¦¢,swan,11.0,Animals & Nature,animal-bird,fully-qualified
ğŸ““,U+1F4D3,3162,U+1F4D3,ğŸ““,notebook,0.6,Objects,book-paper,fully-qualified
ğŸ‘”,U+1F454,3154,U+1F454,ğŸ‘”,necktie,0.6,Objects,clothing,fully-qualified
ğŸ§®,U+1F9EE,3153,U+1F9EE,ğŸ§®,abacus,11.0,Objects,computer,fully-qualified
ğŸ‡³ğŸ‡¿,U+1F1F3 U+1F1FF,3144,U+1F1F3 U+1F1FF,ğŸ‡³ğŸ‡¿,flag: New Zealand,2.0,Flags,country-flag,fully-qualified
ğŸ±,U+1F3B1,3133,U+1F3B1,ğŸ±,pool 8 ball,0.6,Activities,game,fully-qualified
ğŸ§,U+1F9CD,3125,U+1F9CD,ğŸ§,person standing,12.0,People & Body,person-activity,fully-qualified
ğŸ“—,U+1F4D7,3121,U+1F4D7,ğŸ“—,green book,0.6,Objects,book-paper,fully-qualified
ğŸ’ªğŸ»,U+1F4AA U+1F3FB,3117,U+1F4AA U+1F3FB,ğŸ’ªğŸ»,flexed biceps: light skin tone,1.0,People & Body,body-parts,fully-qualified
ğŸ›,U+1F35B,3113,U+1F35B,ğŸ›,curry rice,0.6,Food & Drink,food-asian,fully-qualified
ğŸ‘ğŸ¼,U+1F44D U+1F3FC,3108,U+1F44D U+1F3FC,ğŸ‘ğŸ¼,thumbs up: medium-light skin tone,1.0,People & Body,hand-fingers-closed,fully-qualified
â™ ï¸,U+2660 U+FE0F,3106,U+2660 U+FE0F,â™ ï¸,spade suit,0.6,Activities,game,fully-qualified
ğŸ¥£,U+1F963,3105,U+1F963,ğŸ¥£,bowl with spoon,5.0,Food & Drink,food-prepared,fully-qualified
ğŸ¤,U+1F90F,3105,U+1F90F,ğŸ¤,pinching hand,12.0,People & Body,hand-fingers-partial,fully-qualified
ğŸ§°,U+1F9F0,3091,U+1F9F0,ğŸ§°,toolbox,11.0,Objects,tool,fully-qualified
ğŸ‘‰ğŸ¼,U+1F449 U+1F3FC,3086,U+1F449 U+1F3FC,ğŸ‘‰ğŸ¼,backhand index pointing right: medium-light skin tone,1.0,People & Body,hand-single-finger,fully-qualified
ğŸŒ®,U+1F32E,3078,U+1F32E,ğŸŒ®,taco,1.0,Food & Drink,food-prepared,fully-qualified
ğŸ¯,U+1F42F,3075,U+1F42F,ğŸ¯,tiger face,0.6,Animals & Nature,animal-mammal,fully-qualified
ğŸ¼,U+1F3BC,3075,U+1F3BC,ğŸ¼,musical score,0.6,Objects,music,fully-qualified
ğŸ‡·ğŸ‡´,U+1F1F7 U+1F1F4,3065,U+1F1F7 U+1F1F4,ğŸ‡·ğŸ‡´,flag: Romania,2.0,Flags,country-flag,fully-qualified
ğŸ’ªğŸ¼,U+1F4AA U+1F3FC,3045,U+1F4AA U+1F3FC,ğŸ’ªğŸ¼,flexed biceps: medium-light skin tone,1.0,People & Body,body-parts,fully-qualified
ğŸ•¶ï¸,U+1F576 U+FE0F,3040,U+1F576 U+FE0F,ğŸ•¶ï¸,sunglasses,0.7,Objects,clothing,fully-qualified
ğŸ¤™,U+1F919,3039,U+1F919,ğŸ¤™,call me hand,3.0,People & Body,hand-fingers-partial,fully-qualified
ğŸ‡³ğŸ‡¬,U+1F1F3 U+1F1EC,3032,U+1F1F3 U+1F1EC,ğŸ‡³ğŸ‡¬,flag: Nigeria,2.0,Flags,country-flag,fully-qualified
ğŸ†˜,U+1F198,3031,U+1F198,ğŸ†˜,SOS button,0.6,Symbols,alphanum,fully-qualified
ğŸ‡¨ğŸ‡¿,U+1F1E8 U+1F1FF,3030,U+1F1E8 U+1F1FF,ğŸ‡¨ğŸ‡¿,flag: Czechia,2.0,Flags,country-flag,fully-qualified
ğŸ˜ï¸,U+1F3D8 U+FE0F,3025,U+1F3D8 U+FE0F,ğŸ˜ï¸,houses,0.7,Travel & Places,place-building,fully-qualified
ğŸ,U+1F34D,3023,U+1F34D,ğŸ,pineapple,0.6,Food & Drink,food-fruit,fully-qualified
ğŸ”¦,U+1F526,3019,U+1F526,ğŸ”¦,flashlight,0.6,Objects,light & video,fully-qualified
ğŸ‘‹ğŸ¼,U+1F44B U+1F3FC,3016,U+1F44B U+1F3FC,ğŸ‘‹ğŸ¼,waving hand: medium-light skin tone,1.0,People & Body,hand-fingers-open,fully-qualified
ğŸ‘ğŸ½,U+1F44D U+1F3FD,3011,U+1F44D U+1F3FD,ğŸ‘ğŸ½,thumbs up: medium skin tone,1.0,People & Body,hand-fingers-closed,fully-qualified
ğŸ”‰,U+1F509,3009,U+1F509,ğŸ”‰,speaker medium volume,1.0,Objects,sound,fully-qualified
ğŸ‘ ,U+1F460,3000,U+1F460,ğŸ‘ ,high-heeled shoe,0.6,Objects,clothing,fully-qualified
â›·ï¸,U+26F7 U+FE0F,2998,U+26F7 U+FE0F,â›·ï¸,skier,0.7,People & Body,person-sport,fully-qualified
ğŸªª,U+1FAAA,2994,U+1FAAA,ğŸªª,identification card,14.0,Objects,other-object,fully-qualified
ğŸ¤¸,U+1F938,2982,U+1F938,ğŸ¤¸,person cartwheeling,3.0,People & Body,person-sport,fully-qualified
ğŸ‘¿,U+1F47F,2981,U+1F47F,ğŸ‘¿,angry face with horns,0.6,Smileys & Emotion,face-negative,fully-qualified
ğŸ‘¨â€ğŸ’»,U+1F468 U+200D U+1F4BB,2951,U+1F468 U+200D U+1F4BB,ğŸ‘¨â€ğŸ’»,man technologist,4.0,People & Body,person-role,fully-qualified
ğŸ¤’,U+1F912,2950,U+1F912,ğŸ¤’,face with thermometer,1.0,Smileys & Emotion,face-unwell,fully-qualified
â›…,U+26C5,2947,U+26C5,â›…,sun behind cloud,0.6,Travel & Places,sky & weather,fully-qualified
ğŸ¦œ,U+1F99C,2940,U+1F99C,ğŸ¦œ,parrot,11.0,Animals & Nature,animal-bird,fully-qualified
ğŸ‡­ğŸ‡º,U+1F1ED U+1F1FA,2933,U+1F1ED U+1F1FA,ğŸ‡­ğŸ‡º,flag: Hungary,2.0,Flags,country-flag,fully-qualified
ğŸ†,U+1F406,2932,U+1F406,ğŸ†,leopard,1.0,Animals & Nature,animal-mammal,fully-qualified
ğŸ¨,U+1F368,2929,U+1F368,ğŸ¨,ice cream,0.6,Food & Drink,food-sweet,fully-qualified
ğŸš“,U+1F693,2925,U+1F693,ğŸš“,police car,0.6,Travel & Places,transport-ground,fully-qualified
ğŸ›ï¸,U+1F6CE U+FE0F,2920,U+1F6CE U+FE0F,ğŸ›ï¸,bellhop bell,0.7,Travel & Places,hotel,fully-qualified
ğŸ›,U+1F6C1,2917,U+1F6C1,ğŸ›,bathtub,1.0,Objects,household,fully-qualified
ğŸŒ‡,U+1F307,2907,U+1F307,ğŸŒ‡,sunset,0.6,Travel & Places,place-other,fully-qualified
ğŸ¦¾,U+1F9BE,2905,U+1F9BE,ğŸ¦¾,mechanical arm,12.0,People & Body,body-parts,fully-qualified
ğŸª«,U+1FAAB,2903,U+1FAAB,ğŸª«,low battery,14.0,Objects,computer,fully-qualified
ğŸ¥¬,U+1F96C,2891,U+1F96C,ğŸ¥¬,leafy green,11.0,Food & Drink,food-vegetable,fully-qualified
ğŸ¥¦,U+1F966,2888,U+1F966,ğŸ¥¦,broccoli,5.0,Food & Drink,food-vegetable,fully-qualified
ğŸš,U+1F690,2888,U+1F690,ğŸš,minibus,1.0,Travel & Places,transport-ground,fully-qualified
ğŸ™‹â€â™€ï¸,U+1F64B U+200D U+2640 U+FE0F,2887,U+1F64B U+200D U+2640 U+FE0F,ğŸ™‹â€â™€ï¸,woman raising hand,4.0,People & Body,person-gesture,fully-qualified
ğŸ“¥,U+1F4E5,2884,U+1F4E5,ğŸ“¥,inbox tray,0.6,Objects,mail,fully-qualified
ğŸ®,U+1F42E,2883,U+1F42E,ğŸ®,cow face,0.6,Animals & Nature,animal-mammal,fully-qualified
ğŸ’¾,U+1F4BE,2863,U+1F4BE,ğŸ’¾,floppy disk,0.6,Objects,computer,fully-qualified
ğŸ¥–,U+1F956,2857,U+1F956,ğŸ¥–,baguette bread,3.0,Food & Drink,food-prepared,fully-qualified
ğŸŒ,U+1F40C,2834,U+1F40C,ğŸŒ,snail,0.6,Animals & Nature,animal-bug,fully-qualified
â™¿,U+267F,2829,U+267F,â™¿,wheelchair symbol,0.6,Symbols,transport-sign,fully-qualified
ğŸ§¨,U+1F9E8,2821,U+1F9E8,ğŸ§¨,firecracker,11.0,Activities,event,fully-qualified
â˜‚ï¸,U+2602 U+FE0F,2816,U+2602 U+FE0F,â˜‚ï¸,umbrella,0.7,Travel & Places,sky & weather,fully-qualified
ğŸ“’,U+1F4D2,2808,U+1F4D2,ğŸ“’,ledger,0.6,Objects,book-paper,fully-qualified
ğŸ‘©â€âš•ï¸,U+1F469 U+200D U+2695 U+FE0F,2808,U+1F469 U+200D U+2695 U+FE0F,ğŸ‘©â€âš•ï¸,woman health worker,4.0,People & Body,person-role,fully-qualified
ğŸ ,U+1F420,2805,U+1F420,ğŸ ,tropical fish,0.6,Animals & Nature,animal-marine,fully-qualified
ğŸ‡ªğŸ‡¬,U+1F1EA U+1F1EC,2804,U+1F1EA U+1F1EC,ğŸ‡ªğŸ‡¬,flag: Egypt,2.0,Flags,country-flag,fully-qualified
ğŸŒªï¸,U+1F32A U+FE0F,2802,U+1F32A U+FE0F,ğŸŒªï¸,tornado,0.7,Travel & Places,sky & weather,fully-qualified
ğŸ…°ï¸,U+1F170 U+FE0F,2802,U+1F170 U+FE0F,ğŸ…°ï¸,A button (blood type),0.6,Symbols,alphanum,fully-qualified
ğŸ§¢,U+1F9E2,2795,U+1F9E2,ğŸ§¢,billed cap,5.0,Objects,clothing,fully-qualified
ğŸ,U+1F41E,2795,U+1F41E,ğŸ,lady beetle,0.6,Animals & Nature,animal-bug,fully-qualified
ğŸ¥­,U+1F96D,2794,U+1F96D,ğŸ¥­,mango,11.0,Food & Drink,food-fruit,fully-qualified
ğŸ™ŒğŸ»,U+1F64C U+1F3FB,2776,U+1F64C U+1F3FB,ğŸ™ŒğŸ»,raising hands: light skin tone,1.0,People & Body,hands,fully-qualified
ğŸª¼,U+1FABC,2757,U+1FABC,ğŸª¼,jellyfish,15.0,Animals & Nature,animal-marine,fully-qualified
ğŸ›,U+1F6DE,2757,U+1F6DE,ğŸ›,wheel,14.0,Travel & Places,transport-ground,fully-qualified
ğŸ§š,U+1F9DA,2752,U+1F9DA,ğŸ§š,fairy,5.0,People & Body,person-fantasy,fully-qualified
ğŸ˜¶â€ğŸŒ«ï¸,U+1F636 U+200D U+1F32B U+FE0F,2749,U+1F636 U+200D U+1F32B U+FE0F,ğŸ˜¶â€ğŸŒ«ï¸,face in clouds,13.1,Smileys & Emotion,face-neutral-skeptical,fully-qualified
ğŸ‘´,U+1F474,2748,U+1F474,ğŸ‘´,old man,0.6,People & Body,person,fully-qualified
ğŸ­,U+1F3ED,2748,U+1F3ED,ğŸ­,factory,0.6,Travel & Places,place-building,fully-qualified
ğŸ’â€â™€ï¸,U+1F481 U+200D U+2640 U+FE0F,2747,U+1F481 U+200D U+2640 U+FE0F,ğŸ’â€â™€ï¸,woman tipping hand,4.0,People & Body,person-gesture,fully-qualified
ğŸ¦©,U+1F9A9,2744,U+1F9A9,ğŸ¦©,flamingo,12.0,Animals & Nature,animal-bird,fully-qualified
ğŸ‘,U+1F450,2744,U+1F450,ğŸ‘,open hands,0.6,People & Body,hands,fully-qualified
ğŸ¦â€ğŸ”¥,U+1F426 U+200D U+1F525,2744,U+1F426 U+200D U+1F525,ğŸ¦â€ğŸ”¥,phoenix,15.1,Animals & Nature,animal-bird,fully-qualified
ğŸ˜¶,U+1F636,2738,U+1F636,ğŸ˜¶,face without mouth,1.0,Smileys & Emotion,face-neutral-skeptical,fully-qualified
ğŸ§™â€â™€ï¸,U+1F9D9 U+200D U+2640 U+FE0F,2711,U+1F9D9 U+200D U+2640 U+FE0F,ğŸ§™â€â™€ï¸,woman mage,5.0,People & Body,person-fantasy,fully-qualified
ğŸš•,U+1F695,2706,U+1F695,ğŸš•,taxi,0.6,Travel & Places,transport-ground,fully-qualified
ğŸ¤ğŸ»,U+1F91E U+1F3FB,2704,U+1F91E U+1F3FB,ğŸ¤ğŸ»,crossed fingers: light skin tone,3.0,People & Body,hand-fingers-partial,fully-qualified
â›º,U+26FA,2701,U+26FA,â›º,tent,0.6,Travel & Places,place-other,fully-qualified
âšœï¸,U+269C U+FE0F,2697,U+269C U+FE0F,âšœï¸,fleur-de-lis,1.0,Symbols,other-symbol,fully-qualified
ğŸ·,U+1F3B7,2693,U+1F3B7,ğŸ·,saxophone,0.6,Objects,musical-instrument,fully-qualified
ğŸ¦€,U+1F980,2689,U+1F980,ğŸ¦€,crab,1.0,Animals & Nature,animal-marine,fully-qualified
ğŸ‡µğŸ‡­,U+1F1F5 U+1F1ED,2689,U+1F1F5 U+1F1ED,ğŸ‡µğŸ‡­,flag: Philippines,2.0,Flags,country-flag,fully-qualified
ğŸª”,U+1FA94,2682,U+1FA94,ğŸª”,diya lamp,12.0,Objects,light & video,fully-qualified
ğŸ‘‰ğŸ»,U+1F449 U+1F3FB,2671,U+1F449 U+1F3FB,ğŸ‘‰ğŸ»,backhand index pointing right: light skin tone,1.0,People & Body,hand-single-finger,fully-qualified
ğŸ¦˜,U+1F998,2670,U+1F998,ğŸ¦˜,kangaroo,11.0,Animals & Nature,animal-mammal,fully-qualified
ğŸ§‘â€ğŸ«,U+1F9D1 U+200D U+1F3EB,2668,U+1F9D1 U+200D U+1F3EB,ğŸ§‘â€ğŸ«,teacher,12.1,People & Body,person-role,fully-qualified
6ï¸âƒ£,U+0036 U+FE0F U+20E3,2668,U+0036 U+FE0F U+20E3,6ï¸âƒ£,keycap: 6,0.6,Symbols,keycap,fully-qualified
ğŸ¥‘,U+1F951,2663,U+1F951,ğŸ¥‘,avocado,3.0,Food & Drink,food-vegetable,fully-qualified
ğŸ˜£,U+1F623,2642,U+1F623,ğŸ˜£,persevering face,0.6,Smileys & Emotion,face-concerned,fully-qualified
ğŸ‘œ,U+1F45C,2640,U+1F45C,ğŸ‘œ,handbag,0.6,Objects,clothing,fully-qualified
ğŸŒµ,U+1F335,2640,U+1F335,ğŸŒµ,cactus,0.6,Animals & Nature,plant-other,fully-qualified
ğŸ‘¸,U+1F478,2639,U+1F478,ğŸ‘¸,princess,0.6,People & Body,person-role,fully-qualified
ğŸ«Ÿ,U+1FADF,2630,U+1FADF,ğŸ«Ÿ,splatter,16.0,Symbols,other-symbol,fully-qualified
ğŸ§‘,U+1F9D1,2628,U+1F9D1,ğŸ§‘,person,5.0,People & Body,person,fully-qualified
ğŸ¦ƒ,U+1F983,2627,U+1F983,ğŸ¦ƒ,turkey,1.0,Animals & Nature,animal-bird,fully-qualified
ğŸŸª,U+1F7EA,2616,U+1F7EA,ğŸŸª,purple square,12.0,Symbols,geometric,fully-qualified
ğŸŒ¬ï¸,U+1F32C U+FE0F,2607,U+1F32C U+FE0F,ğŸŒ¬ï¸,wind face,0.7,Travel & Places,sky & weather,fully-qualified
ğŸ¦,U+1F98D,2606,U+1F98D,ğŸ¦,gorilla,3.0,Animals & Nature,animal-mammal,fully-qualified
ğŸ•™,U+1F559,2595,U+1F559,ğŸ•™,ten oâ€™clock,0.6,Travel & Places,time,fully-qualified
ğŸ‡«ğŸ‡®,U+1F1EB U+1F1EE,2595,U+1F1EB U+1F1EE,ğŸ‡«ğŸ‡®,flag: Finland,2.0,Flags,country-flag,fully-qualified
ğŸ‡®ğŸ‡¨,U+1F1EE U+1F1E8,2593,U+1F1EE U+1F1E8,ğŸ‡®ğŸ‡¨,flag: Canary Islands,2.0,Flags,country-flag,fully-qualified
ğŸ™ğŸ¾,U+1F64F U+1F3FE,2588,U+1F64F U+1F3FE,ğŸ™ğŸ¾,folded hands: medium-dark skin tone,1.0,People & Body,hands,fully-qualified
â©,U+23E9,2581,U+23E9,â©,fast-forward button,0.6,Symbols,av-symbol,fully-qualified
ğŸ˜¯,U+1F62F,2577,U+1F62F,ğŸ˜¯,hushed face,1.0,Smileys & Emotion,face-concerned,fully-qualified
ğŸ…ğŸ¼,U+1F385 U+1F3FC,2567,U+1F385 U+1F3FC,ğŸ…ğŸ¼,Santa Claus: medium-light skin tone,1.0,People & Body,person-fantasy,fully-qualified
ğŸ‹,U+1F40B,2559,U+1F40B,ğŸ‹,whale,1.0,Animals & Nature,animal-marine,fully-qualified
ğŸ‡­ğŸ‡°,U+1F1ED U+1F1F0,2558,U+1F1ED U+1F1F0,ğŸ‡­ğŸ‡°,flag: Hong Kong SAR China,2.0,Flags,country-flag,fully-qualified
ğŸ¦”,U+1F994,2554,U+1F994,ğŸ¦”,hedgehog,5.0,Animals & Nature,animal-mammal,fully-qualified
ğŸ§ƒ,U+1F9C3,2553,U+1F9C3,ğŸ§ƒ,beverage box,12.0,Food & Drink,drink,fully-qualified
ğŸ˜§,U+1F627,2551,U+1F627,ğŸ˜§,anguished face,1.0,Smileys & Emotion,face-concerned,fully-qualified
ğŸš›,U+1F69B,2541,U+1F69B,ğŸš›,articulated lorry,1.0,Travel & Places,transport-ground,fully-qualified
ğŸ§¤,U+1F9E4,2540,U+1F9E4,ğŸ§¤,gloves,5.0,Objects,clothing,fully-qualified
ğŸ§¦,U+1F9E6,2537,U+1F9E6,ğŸ§¦,socks,5.0,Objects,clothing,fully-qualified
ğŸ‡¦ğŸ‡·,U+1F1E6 U+1F1F7,2536,U+1F1E6 U+1F1F7,ğŸ‡¦ğŸ‡·,flag: Argentina,2.0,Flags,country-flag,fully-qualified
ğŸ‘§,U+1F467,2528,U+1F467,ğŸ‘§,girl,0.6,People & Body,person,fully-qualified
ğŸš°,U+1F6B0,2524,U+1F6B0,ğŸš°,potable water,1.0,Symbols,transport-sign,fully-qualified
ğŸ§‹,U+1F9CB,2519,U+1F9CB,ğŸ§‹,bubble tea,13.0,Food & Drink,drink,fully-qualified
ğŸ§¾,U+1F9FE,2517,U+1F9FE,ğŸ§¾,receipt,11.0,Objects,money,fully-qualified
ğŸ™Š,U+1F64A,2504,U+1F64A,ğŸ™Š,speak-no-evil monkey,0.6,Smileys & Emotion,monkey-face,fully-qualified
ğŸ«˜,U+1FAD8,2496,U+1FAD8,ğŸ«˜,beans,14.0,Food & Drink,food-vegetable,fully-qualified
ğŸ‘‡ğŸ½,U+1F447 U+1F3FD,2496,U+1F447 U+1F3FD,ğŸ‘‡ğŸ½,backhand index pointing down: medium skin tone,1.0,People & Body,hand-single-finger,fully-qualified
ğŸ¿ï¸,U+1F43F U+FE0F,2489,U+1F43F U+FE0F,ğŸ¿ï¸,chipmunk,0.7,Animals & Nature,animal-mammal,fully-qualified
ğŸš,U+1F681,2480,U+1F681,ğŸš,helicopter,1.0,Travel & Places,transport-air,fully-qualified
ğŸ‹â€ğŸŸ©,U+1F34B U+200D U+1F7E9,2476,U+1F34B U+200D U+1F7E9,ğŸ‹â€ğŸŸ©,lime,15.1,Food & Drink,food-fruit,fully-qualified
ğŸ¤²,U+1F932,2470,U+1F932,ğŸ¤²,palms up together,5.0,People & Body,hands,fully-qualified
ğŸ£,U+1F363,2468,U+1F363,ğŸ£,sushi,0.6,Food & Drink,food-asian,fully-qualified
ğŸš¶â€â™€ï¸,U+1F6B6 U+200D U+2640 U+FE0F,2457,U+1F6B6 U+200D U+2640 U+FE0F,ğŸš¶â€â™€ï¸,woman walking,4.0,People & Body,person-activity,fully-qualified
ğŸ¥…,U+1F945,2451,U+1F945,ğŸ¥…,goal net,3.0,Activities,sport,fully-qualified
ğŸ¤§,U+1F927,2451,U+1F927,ğŸ¤§,sneezing face,3.0,Smileys & Emotion,face-unwell,fully-qualified
ğŸ§½,U+1F9FD,2449,U+1F9FD,ğŸ§½,sponge,11.0,Objects,household,fully-qualified
ğŸ‘™,U+1F459,2443,U+1F459,ğŸ‘™,bikini,0.6,Objects,clothing,fully-qualified
ğŸ˜š,U+1F61A,2437,U+1F61A,ğŸ˜š,kissing face with closed eyes,0.6,Smileys & Emotion,face-affection,fully-qualified
ğŸªŸ,U+1FA9F,2432,U+1FA9F,ğŸªŸ,window,13.0,Objects,household,fully-qualified
ğŸ²,U+1F432,2428,U+1F432,ğŸ²,dragon face,0.6,Animals & Nature,animal-reptile,fully-qualified
ğŸ§‘â€ğŸ“,U+1F9D1 U+200D U+1F393,2423,U+1F9D1 U+200D U+1F393,ğŸ§‘â€ğŸ“,student,12.1,People & Body,person-role,fully-qualified
ğŸ¦­,U+1F9AD,2421,U+1F9AD,ğŸ¦­,seal,13.0,Animals & Nature,animal-marine,fully-qualified
ğŸ”º,U+1F53A,2402,U+1F53A,ğŸ”º,red triangle pointed up,0.6,Symbols,geometric,fully-qualified
â™‚ï¸,U+2642 U+FE0F,2401,U+2642 U+FE0F,â™‚ï¸,male sign,4.0,Symbols,gender,fully-qualified
ğŸŒ‹,U+1F30B,2395,U+1F30B,ğŸŒ‹,volcano,0.6,Travel & Places,place-geographic,fully-qualified
ğŸ’‚,U+1F482,2385,U+1F482,ğŸ’‚,guard,0.6,People & Body,person-role,fully-qualified
ğŸ§‘â€ğŸ’¼,U+1F9D1 U+200D U+1F4BC,2382,U+1F9D1 U+200D U+1F4BC,ğŸ§‘â€ğŸ’¼,office worker,12.1,People & Body,person-role,fully-qualified
âœğŸ»,U+270D U+1F3FB,2372,U+270D U+1F3FB,âœğŸ»,writing hand: light skin tone,1.0,People & Body,hand-prop,fully-qualified
ğŸ¡,U+1F3A1,2368,U+1F3A1,ğŸ¡,ferris wheel,0.6,Travel & Places,place-other,fully-qualified
ğŸª±,U+1FAB1,2366,U+1FAB1,ğŸª±,worm,13.0,Animals & Nature,animal-bug,fully-qualified
â,U+274E,2366,U+274E,â,cross mark button,0.6,Symbols,other-symbol,fully-qualified
ğŸªœ,U+1FA9C,2359,U+1FA9C,ğŸªœ,ladder,13.0,Objects,tool,fully-qualified
ğŸ«¶ğŸ¾,U+1FAF6 U+1F3FE,2355,U+1FAF6 U+1F3FE,ğŸ«¶ğŸ¾,heart hands: medium-dark skin tone,14.0,People & Body,hands,fully-qualified
ğŸŒ½,U+1F33D,2352,U+1F33D,ğŸŒ½,ear of corn,0.6,Food & Drink,food-vegetable,fully-qualified
ğŸ‡¸ğŸ‡¬,U+1F1F8 U+1F1EC,2351,U+1F1F8 U+1F1EC,ğŸ‡¸ğŸ‡¬,flag: Singapore,2.0,Flags,country-flag,fully-qualified
ğŸ‡¸ğŸ‡¦,U+1F1F8 U+1F1E6,2350,U+1F1F8 U+1F1E6,ğŸ‡¸ğŸ‡¦,flag: Saudi Arabia,2.0,Flags,country-flag,fully-qualified
ğŸ’¢,U+1F4A2,2349,U+1F4A2,ğŸ’¢,anger symbol,0.6,Smileys & Emotion,emotion,fully-qualified
ğŸ”›,U+1F51B,2344,U+1F51B,ğŸ”›,ON! arrow,0.6,Symbols,arrow,fully-qualified
â™Ÿï¸,U+265F U+FE0F,2344,U+265F U+FE0F,â™Ÿï¸,chess pawn,11.0,Activities,game,fully-qualified
ğŸ‘º,U+1F47A,2340,U+1F47A,ğŸ‘º,goblin,0.6,Smileys & Emotion,face-costume,fully-qualified
ğŸ¤°,U+1F930,2332,U+1F930,ğŸ¤°,pregnant woman,3.0,People & Body,person-role,fully-qualified
ğŸ¦,U+1F98E,2326,U+1F98E,ğŸ¦,lizard,3.0,Animals & Nature,animal-reptile,fully-qualified
âš•ï¸,U+2695 U+FE0F,2324,U+2695 U+FE0F,âš•ï¸,medical symbol,4.0,Symbols,other-symbol,fully-qualified
ğŸ§’,U+1F9D2,2301,U+1F9D2,ğŸ§’,child,5.0,People & Body,person,fully-qualified
ğŸ¦¶,U+1F9B6,2295,U+1F9B6,ğŸ¦¶,foot,11.0,People & Body,body-parts,fully-qualified
ğŸ¤ğŸ»,U+1F91D U+1F3FB,2294,U+1F91D U+1F3FB,ğŸ¤ğŸ»,handshake: light skin tone,14.0,People & Body,hands,fully-qualified
ğŸ¤¥,U+1F925,2286,U+1F925,ğŸ¤¥,lying face,3.0,Smileys & Emotion,face-neutral-skeptical,fully-qualified
ğŸ¥,U+1F425,2284,U+1F425,ğŸ¥,front-facing baby chick,0.6,Animals & Nature,animal-bird,fully-qualified
ğŸ”»,U+1F53B,2281,U+1F53B,ğŸ”»,red triangle pointed down,0.6,Symbols,geometric,fully-qualified
ğŸ§´,U+1F9F4,2271,U+1F9F4,ğŸ§´,lotion bottle,11.0,Objects,household,fully-qualified
ğŸ—‚ï¸,U+1F5C2 U+FE0F,2270,U+1F5C2 U+FE0F,ğŸ—‚ï¸,card index dividers,0.7,Objects,office,fully-qualified
ğŸ‡­ğŸ‡·,U+1F1ED U+1F1F7,2269,U+1F1ED U+1F1F7,ğŸ‡­ğŸ‡·,flag: Croatia,2.0,Flags,country-flag,fully-qualified
ğŸ–,U+1F356,2268,U+1F356,ğŸ–,meat on bone,0.6,Food & Drink,food-prepared,fully-qualified
ğŸ¦’,U+1F992,2266,U+1F992,ğŸ¦’,giraffe,5.0,Animals & Nature,animal-mammal,fully-qualified
ğŸŒš,U+1F31A,2266,U+1F31A,ğŸŒš,new moon face,1.0,Travel & Places,sky & weather,fully-qualified
ğŸ”ï¸,U+1F3D4 U+FE0F,2263,U+1F3D4 U+FE0F,ğŸ”ï¸,snow-capped mountain,0.7,Travel & Places,place-geographic,fully-qualified
ğŸŠâ€â™€ï¸,U+1F3CA U+200D U+2640 U+FE0F,2260,U+1F3CA U+200D U+2640 U+FE0F,ğŸŠâ€â™€ï¸,woman swimming,4.0,People & Body,person-sport,fully-qualified
ğŸª²,U+1FAB2,2258,U+1FAB2,ğŸª²,beetle,13.0,Animals & Nature,animal-bug,fully-qualified
ğŸ¥œ,U+1F95C,2253,U+1F95C,ğŸ¥œ,peanuts,3.0,Food & Drink,food-vegetable,fully-qualified
â‡ï¸,U+2747 U+FE0F,2253,U+2747 U+FE0F,â‡ï¸,sparkle,0.6,Symbols,other-symbol,fully-qualified
ğŸ¥“,U+1F953,2250,U+1F953,ğŸ¥“,bacon,3.0,Food & Drink,food-prepared,fully-qualified
ğŸ›,U+1F6DD,2250,U+1F6DD,ğŸ›,playground slide,14.0,Travel & Places,place-other,fully-qualified
â™¦ï¸,U+2666 U+FE0F,2250,U+2666 U+FE0F,â™¦ï¸,diamond suit,0.6,Activities,game,fully-qualified
ğŸŠ,U+1F40A,2248,U+1F40A,ğŸŠ,crocodile,1.0,Animals & Nature,animal-reptile,fully-qualified
â›“ï¸â€ğŸ’¥,U+26D3 U+FE0F U+200D U+1F4A5,2243,U+26D3 U+FE0F U+200D U+1F4A5,â›“ï¸â€ğŸ’¥,broken chain,15.1,Objects,tool,fully-qualified
ğŸ‡¹ğŸ‡¼,U+1F1F9 U+1F1FC,2242,U+1F1F9 U+1F1FC,ğŸ‡¹ğŸ‡¼,flag: Taiwan,2.0,Flags,country-flag,fully-qualified
ğŸ‘–,U+1F456,2239,U+1F456,ğŸ‘–,jeans,0.6,Objects,clothing,fully-qualified
ğŸ‘°,U+1F470,2236,U+1F470,ğŸ‘°,person with veil,0.6,People & Body,person-role,fully-qualified
âŒ¨ï¸,U+2328 U+FE0F,2235,U+2328 U+FE0F,âŒ¨ï¸,keyboard,1.0,Objects,computer,fully-qualified
ğŸ‡¦ğŸ‡±,U+1F1E6 U+1F1F1,2234,U+1F1E6 U+1F1F1,ğŸ‡¦ğŸ‡±,flag: Albania,2.0,Flags,country-flag,fully-qualified
ğŸ¦•,U+1F995,2229,U+1F995,ğŸ¦•,sauropod,5.0,Animals & Nature,animal-reptile,fully-qualified
ğŸ‘¦,U+1F466,2204,U+1F466,ğŸ‘¦,boy,0.6,People & Body,person,fully-qualified
ğŸš™,U+1F699,2201,U+1F699,ğŸš™,sport utility vehicle,0.6,Travel & Places,transport-ground,fully-qualified
ğŸ³,U+1F3B3,2193,U+1F3B3,ğŸ³,bowling,0.6,Activities,sport,fully-qualified
ğŸ‘©â€ğŸ«,U+1F469 U+200D U+1F3EB,2177,U+1F469 U+200D U+1F3EB,ğŸ‘©â€ğŸ«,woman teacher,4.0,People & Body,person-role,fully-qualified
ğŸª¿,U+1FABF,2170,U+1FABF,ğŸª¿,goose,15.0,Animals & Nature,animal-bird,fully-qualified
ğŸ¤,U+1F424,2168,U+1F424,ğŸ¤,baby chick,0.6,Animals & Nature,animal-bird,fully-qualified
ğŸ’®,U+1F4AE,2163,U+1F4AE,ğŸ’®,white flower,0.6,Animals & Nature,plant-flower,fully-qualified
ğŸ¥‹,U+1F94B,2159,U+1F94B,ğŸ¥‹,martial arts uniform,3.0,Activities,sport,fully-qualified
ğŸš’,U+1F692,2157,U+1F692,ğŸš’,fire engine,0.6,Travel & Places,transport-ground,fully-qualified
ğŸ‘¼,U+1F47C,2152,U+1F47C,ğŸ‘¼,baby angel,0.6,People & Body,person-fantasy,fully-qualified
ğŸ…,U+1F405,2152,U+1F405,ğŸ…,tiger,1.0,Animals & Nature,animal-mammal,fully-qualified
ğŸ”½,U+1F53D,2147,U+1F53D,ğŸ”½,downwards button,0.6,Symbols,av-symbol,fully-qualified
â¸ï¸,U+23F8 U+FE0F,2141,U+23F8 U+FE0F,â¸ï¸,pause button,0.7,Symbols,av-symbol,fully-qualified
ğŸ”­,U+1F52D,2128,U+1F52D,ğŸ”­,telescope,1.0,Objects,science,fully-qualified
ğŸ“‘,U+1F4D1,2121,U+1F4D1,ğŸ“‘,bookmark tabs,0.6,Objects,book-paper,fully-qualified
ğŸ†š,U+1F19A,2118,U+1F19A,ğŸ†š,VS button,0.6,Symbols,alphanum,fully-qualified
ğŸ’ƒğŸ»,U+1F483 U+1F3FB,2113,U+1F483 U+1F3FB,ğŸ’ƒğŸ»,woman dancing: light skin tone,1.0,People & Body,person-activity,fully-qualified
ğŸ§Œ,U+1F9CC,2107,U+1F9CC,ğŸ§Œ,troll,14.0,People & Body,person-fantasy,fully-qualified
ğŸ‡§ğŸ‡©,U+1F1E7 U+1F1E9,2100,U+1F1E7 U+1F1E9,ğŸ‡§ğŸ‡©,flag: Bangladesh,2.0,Flags,country-flag,fully-qualified
ğŸª‚,U+1FA82,2097,U+1FA82,ğŸª‚,parachute,12.0,Travel & Places,transport-air,fully-qualified
ğŸ©¹,U+1FA79,2097,U+1FA79,ğŸ©¹,adhesive bandage,12.0,Objects,medical,fully-qualified
ğŸ†“,U+1F193,2091,U+1F193,ğŸ†“,FREE button,0.6,Symbols,alphanum,fully-qualified
ğŸ˜¿,U+1F63F,2087,U+1F63F,ğŸ˜¿,crying cat,0.6,Smileys & Emotion,cat-face,fully-qualified
ğŸ“®,U+1F4EE,2084,U+1F4EE,ğŸ“®,postbox,0.6,Objects,mail,fully-qualified
ğŸ‡¨ğŸ‡´,U+1F1E8 U+1F1F4,2078,U+1F1E8 U+1F1F4,ğŸ‡¨ğŸ‡´,flag: Colombia,2.0,Flags,country-flag,fully-qualified
ğŸ‘«,U+1F46B,2075,U+1F46B,ğŸ‘«,woman and man holding hands,0.6,People & Body,family,fully-qualified
â›ˆï¸,U+26C8 U+FE0F,2071,U+26C8 U+FE0F,â›ˆï¸,cloud with lightning and rain,0.7,Travel & Places,sky & weather,fully-qualified
ğŸ˜¸,U+1F638,2068,U+1F638,ğŸ˜¸,grinning cat with smiling eyes,0.6,Smileys & Emotion,cat-face,fully-qualified
7ï¸âƒ£,U+0037 U+FE0F U+20E3,2049,U+0037 U+FE0F U+20E3,7ï¸âƒ£,keycap: 7,0.6,Symbols,keycap,fully-qualified
ğŸ¦,U+1F990,2038,U+1F990,ğŸ¦,shrimp,3.0,Animals & Nature,animal-marine,fully-qualified
ğŸº,U+1F3FA,2036,U+1F3FA,ğŸº,amphora,1.0,Food & Drink,dishware,fully-qualified
ğŸ‘ğŸ¼,U+1F44F U+1F3FC,2031,U+1F44F U+1F3FC,ğŸ‘ğŸ¼,clapping hands: medium-light skin tone,1.0,People & Body,hands,fully-qualified
ğŸ‘©â€ğŸ³,U+1F469 U+200D U+1F373,2030,U+1F469 U+200D U+1F373,ğŸ‘©â€ğŸ³,woman cook,4.0,People & Body,person-role,fully-qualified
ğŸ“¼,U+1F4FC,2028,U+1F4FC,ğŸ“¼,videocassette,0.6,Objects,light & video,fully-qualified
ğŸŒ¨ï¸,U+1F328 U+FE0F,2021,U+1F328 U+FE0F,ğŸŒ¨ï¸,cloud with snow,0.7,Travel & Places,sky & weather,fully-qualified
â›¸ï¸,U+26F8 U+FE0F,2019,U+26F8 U+FE0F,â›¸ï¸,ice skate,0.7,Activities,sport,fully-qualified
ğŸ™‹â€â™‚ï¸,U+1F64B U+200D U+2642 U+FE0F,2006,U+1F64B U+200D U+2642 U+FE0F,ğŸ™‹â€â™‚ï¸,man raising hand,4.0,People & Body,person-gesture,fully-qualified
ğŸ“,U+1F4D0,1995,U+1F4D0,ğŸ“,triangular ruler,0.6,Objects,office,fully-qualified
ğŸ¨,U+1F428,1995,U+1F428,ğŸ¨,koala,0.6,Animals & Nature,animal-mammal,fully-qualified
ğŸ“¬,U+1F4EC,1992,U+1F4EC,ğŸ“¬,open mailbox with raised flag,0.7,Objects,mail,fully-qualified
ğŸª,U+1F3EA,1989,U+1F3EA,ğŸª,convenience store,0.6,Travel & Places,place-building,fully-qualified
ğŸ™ŒğŸ¼,U+1F64C U+1F3FC,1979,U+1F64C U+1F3FC,ğŸ™ŒğŸ¼,raising hands: medium-light skin tone,1.0,People & Body,hands,fully-qualified
ğŸ¤¶,U+1F936,1976,U+1F936,ğŸ¤¶,Mrs. Claus,3.0,People & Body,person-fantasy,fully-qualified
ğŸ¦‘,U+1F991,1971,U+1F991,ğŸ¦‘,squid,3.0,Animals & Nature,animal-marine,fully-qualified
ğŸ§£,U+1F9E3,1970,U+1F9E3,ğŸ§£,scarf,5.0,Objects,clothing,fully-qualified
ğŸ—ƒï¸,U+1F5C3 U+FE0F,1950,U+1F5C3 U+FE0F,ğŸ—ƒï¸,card file box,0.7,Objects,office,fully-qualified
